Accession ,position,sequence,Label
D3Z7P3,163,SLEDLLFYTIAEGQEKIPVHKFITALKSTGLRTSDPRLKEC,1
O08709,144,DNNMPVTARVVFIFGPDKKLKLSILYPATTGRNFDEILRVV,1
O08709,56,LFSHPRDFTPVCTTELGRAAKLAPEFAKRNVKLIALSIDSV,1
O08795,369,MPPYDEETQAIIDAAQEARSKFEEVERSLKEMEESIRSLEQ,1
O08795,158,FRLKKILIEEWKTAREEKQSKLLELQAGKKSLEDQVETLRA,1
O08997,60,VCIDSEHSSDTLLATLNKTGKAVSYLGPKXXXXXXXXXXXX,1
O35129,250,GEAEAAKMLGEALSKNPGYIKLRKIRAAQNISKTIATSQNR,1
O35129,147,DYEERVLPSIVNEVLKSVVAKFNASQLITQRAQVSLLIRRE,1
O35226,74,LANDCEVLTTLTPDTGRILSKLHTVQPKGKITFCTGIRVAH,1
O35639,169,SGDFRKALLTLADGRRDESLKVDEHLAKKDAQILYNAGENK,1
O35685,276,NRLVTSDPEINTKKINPENSKLSDLDSETRSMVEKMMYDQR,1
O35841,202,VLEDVTGEEFVLFMKILSGLKSLQTVSGRQQLVELVAEQAD,1
O35864,56,QQEILAAKPWTKDHHYFKYCKISALALLKMVMHARSGGNLE,1
O54724,163,NEAELLRRRNFKVMIYQDEVKLPAKLSVSKSLKESEALPEK,1
O55128,24,ESRVTQEEIKKEPEKPIDREKTCPLLLRVFTTNNGRHHRMD,1
O55142,8,XXXXXXXXXXXXXMSGRLWCKAIFAGYKRGLRNQREHTALL,1
O70400,254,GFRSVKAPVTKVAASVGNAQKLPICDKCGTGIVGVFVKLRD,1
O70435,57,AIGIRCKDGVVFGVEKLVLSKLYEEGSNKRLFNVDRHVGMA,1
O70475,107,ISVNTPTKTYGMGKGRAADLKYIEACARRIVQNSNGYKIVT,1
O70503,97,IVLISRSQDKLNQVSNNIKEKFNVETRTIAVDFSLDDIYDK,1
O88342,182,LATGSDDNCAAFFEGPPFKFKFTIGDHSRFVNCVRFSPDGN,1
O88342,405,DDTVRYTNLTLRDYSGQGVVKLDVQPKCVAVGPGGYTVVVC,1
O88342,81,VVVAKYAPSGFYIASGDISGKLRIWDTTQKEHLLKYEYQPF,1
O88545,233,TVAEHLIAQHSAIKMLHSRVKLILEYVKASEAGEVPFNHEI,1
O88569,173,RGFGFVTFDDHDPVDKIVLQKYHTINGHNAEVRKALSRQEM,1
P01029,1497,MAIADITLLSGFHALRADLEKLTSLSDRYVSHFETDGPHVL,1
P02468,1301,ENEANKIKKEAADLDRLIDQKLKDYEDLREDMRGKEHEVKN,1
P02469,1736,RRKAELLQNEAKTLLAQANSKLQLLEDLERKYEDNQKYLED,1
P02469,1589,ARAELLLEEAKRASKSATDVKVTADMVKEALEEAEKAQVAA,1
P02469,1208,AIIGELTNRTHKFLEKAKALKISGVIGPYRETVDSVEKKVN,1
P05064,312,LLKPWALTFSYGRALQASALKAWGGKKENLKAAQEEYIKRA,1
P05064,28,LTPEQKKELSDIAHRIVAPGKGILAADESTGSIAKRLQSIG,1
P05064,243,YLEGTLLKPNMVTPGHACTQKFSNEEIAMATVTALRRTVPP,1
P05213,394,AVCMLSNTTAIAEAWARLDHKFDLMYAKRAFVHWYVGEGME,1
P05213,311,ITNACFEPANQMVKCDPRHGKYMACCLLYRGDVVPKDVNAA,1
P05213,60,KTIGGGDDSFNTFFSETGAGKHVPRAVFVDLEPTVIDEVRT,1
P06151,90,LFLKTPKIVSSKDYCVTANSKLVIITAGARQQEGESRLNLV,1
P06151,126,RLNLVQRNVNIFKFIIPNIVKYSPHCKLLIVSNPVDILTYV,1
P06745,25,TRNPQFQKLLEWHRANSANLKLRELFEADPERFNNFSLNLN,1
P06745,57,FNNFSLNLNTNHGHILVDYSKNLVNKEVMQMLVELAKSRGV,1
P07091,57,LLTRELPSFLGKRTDEAAFQKVMSNLDSNRDNEVDFQEYCV,1
P07356,227,GTDVPKWISIMTERSVCHLQKVFERYKSYSPYDMLESIKKE,1
P07356,302,GTRDKVLIRIMVSRSEVDMLKIRSEFKRKYGKSLYYYIQQD,1
P07901,568,EGLELPEDEEEKKKQEEKKTKFENLCKIMKDILEKKVEKVV,1
P07901,447,ELAEDKENYKKFYEQFSKNIKLGIHEDSQNRKKLSELLRYY,1
P08003,347,YKFHHTFSPEIAKFLKVSLGKLVLTHPEKFQSKYEPRFHVM,1
P08003,622,GDKKNPIKFEGGNRDLEHLSKFIDEHATKRSRTKEELXXXX,1
P08113,75,AIQLDGLNASQIRELREKSEKFAFQAEVNRMMKLIINSLYK,1
P08113,479,VIRKKLVRKTLDMIKKIADEKYNDTFWKEFGTNIKLGVIED,1
P08113,597,IQALPEFDGKRFQNVAKEGVKFDESEKTKESREATEKEFEP,1
P08207,57,REFPGFLENQKDPLAVDKIMKDLDQCRDGKVGFQSFLSLVA,1
P08249,185,KIFGVTTLDIVRANTFVAELKGLDPARVNVPVIGGHAGKTI,1
P08249,307,YFSTPLLLGKKGLEKNLGIGKITPFEEKMIAEAIPELKASI,1
P09103,273,GEIKTHILLFLPKSVSDYDGKLSSFKRAAEGFKGKILFIFI,1
P09103,226,VLFKKFDEGRNNFEGEITKEKLLDFIKHNQLPLVIEFTEQT,1
P09103,446,KMDSTANEVEAVKVHSFPTLKFFPASADRTVIDYNGERTLD,1
P09103,197,AAEAIDDIPFGITSNSGVFSKYQLDKDGVVLFKKFDEGRNN,1
P09405,431,LKEVFEDAMEIRLVSQDGKSKGIAYIEFKSEADAEKNLEEK,1
P09405,379,AEDLEKALELTGLKVFGNEIKLEKPKGRDSKKVRAARTLLA,1
P09405,546,YAFIEFASFEDAKEALNSCNKMEIEGRTIRLELQGSNSRSQ,1
P09411,48,PMKNNQITNNQRIKAAVPSIKFCLDNGAKSVVLMSHLGRPD,1
P09411,11,XXXXXXXXXXMSLSNKLTLDKLDVKGKRVVMRVDFNVPMKN,1
P09411,146,VEEEGKGKDASGNKVKAEPAKIDAFRASLSKLGDVYVNDAF,1
P09411,91,PMPDKYSLEPVAAELKSLLGKDVLFLKDCVGPEVENACANP,1
P09411,353,QIVWNGPVGVFEWEAFARGTKSLMDEVVKATSRGCITIIGG,1
P09411,220,ALESPERPFLAILGGAKVADKIQLINNMLDKVNEMIIGGGM,1
P10107,242,TTILTSRSFPHLRRVFQNYGKYSQHDMNKALDLELKGDIEK,1
P10126,146,GISKNGQTREHALLAYTLGVKQLIVGVNKMDSTEPPYSQKR,1
P10126,392,FAELKEKIDRRSGKKLEDGPKFLKSGDAAIVDMVPGKPMCV,1
P10126,41,STTTGHLIYKCGGIDKRTIEKFEKEAAEMGKGSFKYAWVLD,1
P10639,85,VAADCEVKCMPTFQFYKKGQKVGEFSGANKEKLEASITEYA,1
P10649,50,EKRYTMGDAPDFDRSQWLNEKFKLGLDFPNLPYLIDGSHKI,1
P10649,136,YNPDFEKQKPEFLKTIPEKMKLYSEFLGKRPWFAGDKVTYV,1
P10852,53,GEKNGLVKIKVAEDETEAGVKFTGLSKEELLKVAGSPGWVR,1
P10922,69,SIQKYIKSHYKVGENADSQIKLSIKRLVTTGVLKQTKGVGA,1
P11276,1115,TEVTETTIVITWTPAPRIGFKLGVRPSQGGEAPREVTSDSG,1
P11276,1049,TAGLTRGGQPKQYNVGPLASKYPLRNLQPGSEYTVTLVAVK,1
P11440,143,RVLHRDLKPQNLLIDDKGTIKLADFGLARAFGIPIRVYTHE,1
P11499,64,ISNASDALDKIRYESLTDPSKLDSGKELKIDIIPNPQERTL,1
P11499,275,SDEEDDSGKDKKKKTKKIKEKYIDQEELNKTKPIWTRNPDD,1
P11499,354,FIPRRAPFDLFENKKKKNNIKLYVRRVFIMDSCDELIPEYL,1
P11499,531,VYMTEPIDEYCVQQLKEFDGKSLVSVTKEGLELPEDEEEKK,1
P11499,180,SAGGSFTVRADHGEPIGRGTKVILHLKEDQTEYLEERRVKE,1
P11499,399,GVVDSEDLPLNISREMLQQSKILKVIRKNIVKKCLELFSEL,1
P11499,607,SPCCIVTSTYGWTANMERIMKAQALRDNSTMGYMMAKKHLE,1
P11983,484,VAKLRAFHNEAQVNPERKNLKWIGLDLVHGKPRDNKQAGVF,1
P11983,532,KSLKFATEAAITILRIDDLIKLHPESKDDKHGSYENAVHSG,1
P11983,233,GYALNCVVGSQGMPKRIVNAKIACLDFSLQKTKMKLGVQVV,1
P12382,689,PFDRNYGTKLGVKAMLWVSEKLRDVYRKGRVFANAPDSACV,1
P12970,217,KTCTTVAFTQVNSEDKGALAKLVEAIRTNYNDRYDEIRRHW,1
P12970,97,PPAINQFTQALDRQTATQLLKLAHKYRPETKQEKKQRLLAR,1
P13011,208,KHPAVKEKGGKLDMSDLKAEKLVMFQRRYYKPGLLLMCFVL,1
P13020,366,KQANMEERKAALKTASDFISKMQYPRQTQVSVLPEGGETPL,1
P13020,243,YQWCGSGSNKFERLKATQVSKGIRDNERSGRAQVHVSEEGG,1
P14069,40,SGKEGDKHTLSKKELKELIQKELTIGSKLQDAEIARLMDDL,1
P14115,47,KHPGGRGNAGGMHHHRINFDKYHPGYFGKVGMRHYHLKRNQ,1
P14131,109,SKALVAYYQKYVDEASKKEIKDILIQYDRTLLVADPRRCES,1
P14152,170,ENFSCLTRLDHNRAKSQIALKLGVTADDVKNVIIWGNHSST,1
P14206,57,YIYKRKSDGIYIINLKRTWEKLLLAARAIVAIENPADVSVI,1
P14206,89,ENPADVSVISSRNTGQRAVLKFAAATGATPIAGRFTPGTFT,1
P14211,64,SDFGKFVLSSGKFYGDLEKDKGLQTSQDARFYALSAKFEPF,1
P14211,111,LVVQFTVKHEQNIDCGGGYVKLFPSGLDQKDMHGDSEYNIM,1
P14733,135,HDQLLLNYAKKESDLSGAQIKLREYEAALNSKDAALATALG,1
P14733,103,YETELADARRALDDTARERAKLQIELGKFKAEHDQLLLNYA,1
P14824,81,NYKSLYGKDLIEDLKYELTGKFERLIVNLMRPLAYCDAKEI,1
P14869,77,KNTMMRKAIRGHLENNPALEKLLPHIRGNVGFVFTKEDLTE,1
P15864,106,SLVSKGILVQTKGTGASGSFKLNKKAASGEAKPQAKKAGAA,1
P16045,108,VCITFDQADLTIKLPDGHEFKFPNRLNMEAINYMAADGDFK,1
P16045,19,XXMACGLVASNLNLKPGECLKVRGEVASDAKSFVLNLGKDS,1
P16546,144,LMELHRQWELLLEKMREKGIKLLQAQKLVQYLRECEDVMDW,1
P16546,441,DESGQALLAASHYASDEVREKLSILSEERTALLELWELRRQ,1
P16546,637,FEAELSANQSRIDALEKAGQKLIDVNHYAKEEVAARMNEVI,1
P16546,670,AARMNEVISLWKKLLEATELKGIKLREANQQQQFNRNVEDI,1
P16546,1334,CTELNQAWTSLGKRADQRKAKLGDSHDLQRFLSDFRDLMSW,1
P16858,225,IPASTGAAKAVGKVIPELNGKLTGMAFRVPTPNVSVVDLTC,1
P16858,192,LMTTVHAITATQKTVDGPSGKLWRDGRGAAQNIIPASTGAA,1
P16858,64,MFQYDSTHGKFNGTVKAENGKLVINGKPITIFQERDPTNIK,1
P16858,137,VIISAPSADAPMFVMGVNHEKYDNSLKIVSNASCTTNCLAP,1
P17182,406,VGLCTGQIKTGAPCRSERLAKYNQILRIEEELGSKAKFAGR,1
P17182,60,STGIYEALELRDNDKTRFMGKGVSQAVEHINKTIAPALVSK,1
P17182,92,TIAPALVSKKVNVVEQEKIDKLMIEMDGTENKSKFGANAIL,1
P17182,256,YTDQVVIGMDVAASEFYRSGKYDLDFKSPDDPSRYITPDQL,1
P17182,335,VVGDDLTVTNPKRIAKAASEKSCNCLLLKVNQIGSVTESLQ,1
P17225,258,LSLDGQNIYNACCTLRIDFSKLTSLNVKYNNDKSRDYTRPD,1
P17225,83,RKLPSDVTEGEVISLGLPFGKVTNLLMLKGKNQAFIEMNTE,1
P17742,131,QFFICTAKTEWLDGKHVVFGKVKEGMNIVEAMERFGSRNGK,1
P17742,82,CQGGDFTRHNGTGGRSIYGEKFEDENFILKHTGPGILSMAN,1
P17742,44,LFADKVPKTAENFRALSTGEKGFGYKGSSFHRIIPGFMCQG,1
P17751,238,CKELASQPDVDGFLVGGASLKPEFVDIINAKQXXXXXXXXX,1
P18242,339,IQGEYMIPCEKVSSLPTVYLKLGGKNYELHPDKYILKVSQG,1
P18760,132,KSKMIYASSKDAIKKKLTGIKHELQANCYEEVKDRCTLAEK,1
P18760,19,XXMASGVAVSDGVIKVFNDMKVRKSSTPEEVKKRKKAVLFC,1
P19096,673,GPQAAVNEFVEQLKQEGVFAKEVRTGGLAFHSYFMEGIAPT,1
P19096,1143,HMEAECLSESTALQKELQLCKGLARALQTKATQQGLKAAML,1
P19253,191,KKQILRLRKQAEKNVEKKICKFTEVLKTNGLLVXXXXXXXX,1
P19253,148,RLKPTRKFAYLGRLAHEVGWKYQAVTATLEEKRKEKAKMHY,1
P19324,100,VSLGGKATTASQAKAVLSAEKLRDEEVHTGLGELLRSLSNS,1
P19324,34,VALAAEVKKPLEAAAPGTAEKLSSKATTLAERSTGLAFSLY,1
P19324,318,KKAVAISLPKGVVEVTHDLQKHLAGLGLTEAIDKNKADLSR,1
P19324,212,ERTDGALLVNAMFFKPHWDEKFHHKMVDNRGFMVTRSYTVG,1
P20029,327,RIEIESFFEGEDFSETLTRAKFEELNMDLFRSTMKPVQKVL,1
P20029,548,TNDQNRLTPEEIERMVNDAEKFAEEDKKLKERIDTRNELES,1
P20152,188,KARVEVERDNLAEDIMRLREKLQEEMLQREEAESTLQSFRQ,1
P20152,294,QQYESVAAKNLQEAEEWYKSKFADLSEAANRNNDALRQAKQ,1
P20152,120,RTNEKVELQELNDRFANYIDKVRFLEQQNKILLAELEQLKG,1
P20444,172,GMDHTEKRGRIYLKAEVTDEKLHVTVRDAKNLIPMDPNGLS,1
P21107,232,AEKYSQKEDKYEEEIKILTDKLKEAETRAEFAERSVAKLEK,1
P21126,33,CSLQVAEDELVSTLKHLVSDKLNVPVRQQRLLFKGKALADE,1
P23198,50,FVVEKVLDRRVVNGKVEYFLKWKGFTDADNTWEPEENLDCP,1
P24288,368,QMLHIPTMENGPKLASRILGKLTDIQYGRVESDWTIELPXX,1
P25444,65,GRGRGARGGKAEDKEWIPVTKLGRLVKDMKIKSLEEIYLFS,1
P26039,1314,SQEDRAQVVSNLKGISMSSSKLLLAAKALSTDPASPNLKSQ,1
P26039,1544,QFVQSAKEVANSTANLVKTIKALDGDFTEENRAQCRAATAP,1
P26040,79,LKLDKKVSAQEVRKENPVQFKFRAKFYPEDVAEELIQDITQ,1
P26041,388,QTRRALELEQERKRAQSEAEKLAKERQEAEEAKEALLQASR,1
P26041,350,RELAEKEKEKIEREKEELMEKLKQIEEQTKKAQQELEEQTR,1
P26041,151,QSKYGDFNKEVHKSGYLAGDKLLPQRVLEQHKLNKDQWEER,1
P26041,523,RSEEERTTEAEKNERVQKHLKALTSELANARDESKKTANDM,1
P26041,27,VRVTTMDAELEFAIQPNTTGKQLFDQVVKTIGLREVWFFGL,1
P26231,163,DMADVYKLLVQLKVVEDGILKLRNAGNEQDLGIQYKALKPE,1
P26443,84,PNFFKMVEGFFDRGASIVEDKLVEDLKTRESEEQKRNRVRG,1
P26443,527,HSGLAYTMERSARQIMRTAMKYNLGLDLRTAAYVNAIEKVF,1
P26516,204,VGTLSQRITNQVHGLKGLNSKLLDIRSYLEKVASGKLPINH,1
P26645,158,SPSSETPKKKKKRFSFKKSFKLSGFSFKKSKKESGEGAEAE,1
P27046,1103,FSSRGIGLPCSTTQGKMSVLKLFNKFAVESLVPSSLSLMHS,1
P27659,373,VQTKRRALEKIDLKFIDTTSKFGHGRFQTMEEKKAFMGPLK,1
P27659,286,VARAGQKGYHHRTEINKKIYKIGQGYLIKDGKLIKNNASTD,1
P27659,229,QVFGQDEMIDVIGVTKGKGYKGVTSRWHTKKLPRKTHRGLR,1
P27773,335,GLESTTGEVPVVAIRTAKGEKFVMQEEFSRDGKALEQFLQE,1
P27773,296,SNYWRNRVMMVAKKFLDAGHKLNFAVASRKTFSHELSDFGL,1
P27773,214,KEYDDNGEGITIFRPLHLANKFEDKTVAYTEKKMTSGKIKK,1
P28474,120,CKFCLNPKTNLCQKIRVTQGKGLMPDGTSRFTCKGKSVFHF,1
P28653,220,GFEPGAFDGLKLNYLRISEAKLTGIPKDLPETLNELHLDHN,1
P28656,82,TPTGYIESLPKVVKRRVNALKNLQVKCAQIEAKFYEEVHDL,1
P29341,213,VYIKNFGEDMDDERLKELFGKFGPALSVKVMTDESGKSKGF,1
P29341,512,PRPAAAAAAATPAVRTVPQYKYAAGVRNPQQHLNAQPQVTM,1
P29758,374,AILRKELMKLPSDVVTSVRGKGLLNAIVIRETKDCDAWKVC,1
P29758,107,AVSQGHCHPKIIDAMKSQVDKLTLTSRAFYNNVLGEYEEYI,1
P30416,354,AFSAAIESCNKALELDSNNEKGLFRRGEAHLAVNDFDLARA,1
P30681,59,AEFSKKCSERWKTMSAKEKSKFEDLAKSDKARYDREMKNYV,1
P31786,55,ATVGDVNTDRPGLLDLKGKAKWDSWNKLKGTSKESAMKTYV,1
P32067,228,KQEHEGRHKPGSTETRALEGKMGCLLKFSGDLDDQTCREDL,1
P32067,78,LNRLTTDFNVIVQALSKSKAKLMEVSADKTKIRRSPSRPLP,1
P32067,303,EKARNANNGNLLLRNKKVTWKVLEGHAEKEALKKITDDQQE,1
P32261,261,NELTALVLVNTIYFKGLWKSKFSPENTRKEPFYKVDGQSCP,1
P34022,182,IEEREKKGPGKNDNAEKVAEKLEALSVREAREEAEEKSEEK,1
P34884,78,ALCSLHSIGKIGGAQNRNYSKLLCGLLSDRLHISPDRVYIN,1
P35293,58,AATIGVDFKVKTISVDGNKAKLAIWDTAGQERFRTLTPSYY,1
P35550,149,VSISEGDDKIEYRAWNPFRSKLAAAILGGVDQIHIKPGAKV,1
P35564,119,AKYDGKWEVDEMKETKLPGDKGLVLMSRAKHHAISAKLNKP,1
P35700,136,YGVLKADEGISFRGLFIIDDKGILRQITINDLPVGRSVDEI,1
P35979,54,PLGLSPKKVGDDIAKATGDWKGLRITVKLTIQNRQAQIEVV,1
P35980,97,NKTAVVVGTVTDDVRILEVPKLKVCALRVSSRARSRILKAG,1
P35980,30,DRKVRRKEPKSQDIYLRLLVKLYRFLARRTNSTFNQVVLKR,1
P36536,146,NVPILILGNKIDRTDAISEEKLREIKGLYGQTTGKGNVTLK,1
P36536,27,WIYNGFSSVLQFLGLYKKSGKLVFLGLDNAGKTTLLQMLKD,1
P38647,345,TDINLPYLTMDASGPKHLNMKLTRAQFEGIVTDLIKRTIAP,1
P40142,327,PSYKVGDKIATRKAYGLALAKLGHASDRIIALDGDTKNSTF,1
P40142,465,VFYPSDGVATEKAVELAANTKGICFIRTSRPENAIIYSNNE,1
P41105,101,TINKNARATLSSIRHMIRKNKYRPDLRMAAIRRASAILRSQ,1
P41731,138,SFQQQMQNYLKDNKTATILDKLQKENNCCGASNYTDWENIP,1
P42932,466,EAIPRALAENSGVKANEVISKLYSVHQEGNKNVGLDIEAEV,1
P42932,62,TTRTAYGPNGMNKMVINRLEKLFVTNDAATILRELEVQHPA,1
P42932,318,ADIALHYANKYNIMLVRLNSKWDLRRLCKTVGATALPKLTP,1
P45376,78,ALQEKLKEQVVKRQDLFIVSKLWCTFHDKSMVKGAFQKTLS,1
P46061,31,ETLAKTQVAGGQLSFKGKGLKLNTAEDAKDVIKEIEEFDGL,1
P47738,443,VMQILKFKTIEEVVGRANDSKYGLAAAVFTKDLDKANYLSQ,1
P47753,97,TEHGDLGNSRFLDPRNQISFKFDHLRKEASDPQPEDVDGGL,1
P47911,247,KKQLRKPRHQEGEIFDTEKEKYEITEQRKADQKAVDLQILP,1
P47911,200,LLLVTGPLVINRVPLRRTHQKFVIATSTKVDISDVKIPKHL,1
P47915,101,IKPKMPKGPKLKRLAFIAHPKLGKRIRSYMAKGQRLCQPKP,1
P47915,33,SRKWHRNGIKKPRSQRYESLKGVDPKFLRNMRFAKKHNKKG,1
P47962,48,TDYYARKRLVIQDKNKYNTPKYRMIVRVTNRDIICQIAYAR,1
P47962,158,QPGAFTCYLDAGLARTTTGNKVFGALKGAVDGGLSIPHSTK,1
P47962,270,NPVYEKKPKREVKKKRWNRPKMSLAQKKDRVAQKKASFLRA,1
P47963,123,RNKSTESLQANVQRLKEYRSKLILFPRKPSAPKKGDSSAEE,1
P48678,270,AQHEDQVEQYKKELEKTYSAKLDNARQSAERNSNLVGAAHE,1
P48678,171,ALSEKRTLEGELHDLRGQVAKLEAALGEAKKQLQDEMLRRV,1
P48678,450,FSQHARTSGRVAVEEVDEEGKFVRLRNKSNEDQSMGNWQIR,1
P49817,57,TEKQVYDAHTKEIDLVNRDPKHLNDDVVKIDFEDVIAEPEG,1
P50247,188,MSNGILKVPAINVNDSVTKSKFDNLYGCRESLIDGIKRATD,1
P50247,401,VGVHFLPKKLDEAVAEAHLGKLNVKLTKLTEKQAQYLGMPI,1
P50543,50,SKTEFLSFMNTELAAFTKNQKDPGVLDRMMKKLDLNCDGQL,1
P50580,22,SGEDEQQEQTIAEDLVVTKYKMGGDIANRVLRSLVEASSSG,1
P51410,121,INVVIQENGSLVEIRNFLGEKYIRRVRMRTGVACSVSQAQK,1
P51881,155,DFARTRLAADVGKAGAEREFKGLGDCLVKIYKSDGIKGLYQ,1
P51881,33,LAGGVAAAISKTAVAPIERVKLLLQVQHASKQITADKQYKG,1
P52480,270,DVHEVRKVLGEKGKNIKIISKIENHEGVRRFDEILEASDGI,1
P52480,141,TGLIKGSGTAEVELKKGATLKITLDNAYMEKCDENILWLDY,1
P52480,498,VLNAWAEDVDLRVNLAMDVGKARGFFKKGDVVIVLTGWRPG,1
P52840,118,PRIIKTHLPLSLLPQSLLDQKIKVIYVARNAKDVVVSYYNF,1
P53026,156,SLLTHNENMVAKVDEVKSTIKFQMKKVLCLAVAVGHVKMTD,1
P53986,235,QEAGKSDANTDLIGGSPKGEKLSVFQTINKFLDLSLFTHRG,1
P54071,384,TSTNPIASIFAWTRGLEHRGKLDGNQDLIRFAQTLEKVCVQ,1
P54071,69,PVVEMDGDEMTRIIWQFIKEKLILPHVDVQLKYFDLGLPNR,1
P54728,45,ALKEKIESEKGKDAFPVAGQKLIYAGKILSDDTALKEYKID,1
P56135,48,DFTPSGIAGAFRRGYDRYYNKYINVRKGSISGISMVLAAYV,1
P56480,201,EILVTGIKVVDLLAPYAKGGKIGLFGGAGVGKTVLIMELIN,1
P56480,124,GESTVRTIAMDGTEGLVRGQKVLDSGAPIKIPVGPETLGRI,1
P56480,480,IQRFLSQPFQVAEVFTGHMGKLVPLKETIKGFQQILAGEYD,1
P57776,17,XXXXMATNFLAHEKIWFDKFKYDDAERRFYEQMNGPVTSGS,1
P57780,418,YEEWLLNEIRRLERLDHLAEKFRQKASIHEAWTDGKEAMLK,1
P57780,332,RTIPWLEDRVPQKTIQEMQQKLEDFRDYRRVHKPPKVQEKC,1
P57780,123,GKMRVHKINNVNKALDFIASKGVKLVSIGAEEIVDGNAKMT,1
P57784,221,VEAIKNAIANASTLAEVERLKGLLQSGQIPGRERRSGPSDE,1
P57784,67,IDFSDNEIRKLDGFPLLRRLKTLLVNNNRICRIGEGLDQAL,1
P58044,192,CYVSKEEVREILKKAASGEIKLTPWFKIIADTFLFKWWDNL,1
P58252,498,FLVKTGTITTFEHAHNMRVMKFSVSPVVRVAVEAKNPADLP,1
P58252,318,FKVFDAIMNFRKEETAKLIEKLDIKLDSEDKDKEGKPLLKA,1
P58252,235,GSGLHGWAFTLKQFAEMYVAKFAAKGEGQLSAAERAKKVED,1
P58252,426,DKGRFYAFGRVFSGVVSTGLKVRIMGPNYTPGKKEDLYLKP,1
P58771,12,XXXXXXXXXMDAIKKKMQMLKLDKENALDRAEQAEADKKAA,1
P58771,112,IQLVEEELDRAQERLATALQKLEEAEKAADESERGMKVIES,1
P58771,70,LKGTEDELDKYSEALKDAQEKLELAEKKATDAEADVASLNR,1
P58771,152,SRAQKDEEKMEIQEIQLKEAKHIAEDADRKYEEVARKLVII,1
P58774,205,VAESKCGDLEEELKIVTNNLKSLEAQADKYSTKEDKYEEEI,1
P59999,89,SVRVSIAVKQADEIEKILCHKFMRFMMMRAENFFILRRKPV,1
P60229,359,FIFETFCRIHQCISINMLADKLNMTPEEAERWIVNLIRNAR,1
P60766,163,EKLARDLKAVKYVECSALTQKGLKNVFDEAILAALEPPEPK,1
P60867,34,EVAIHRIRITLTSRNVKSLEKVCADLIRGAKEKNLKVKGPV,1
P61089,82,YPMAAPKVRFMTKIYHPNVDKLGRICLDILKDKWSPALQIR,1
P61161,322,VLSGGSTMYPGLPSRLERELKQLYLERVLKGDVEKLSKFKI,1
P61161,46,NFPEHIFPALVGRPIIRSTTKVGNIEIKDLMVGDEASELRS,1
P61255,110,ANGTTVHVGIHPSKVVITRLKLDKDRKKILERKAKSRQVGK,1
P61971,55,DASCLTWEGQQFQGKAAIVEKLSSLPFQKIQHSITAQDHQP,1
P62082,147,DAILEDLVFPSEIVGKRIRVKLDGSRLIKVHLDKAQQNNVE,1
P62082,74,GGGRKAIIIFVPVPQLKSFQKIQVRLVRELEKKFSGKHVVF,1
P62242,128,PYRQWYESHYALPLGRKKGAKLTPEEEEILNKKRSKKIQKK,1
P62242,37,KRKPYHKKRKYELGRPAANTKIGPRRIHTVRVRGGNKKYRA,1
P62242,157,LNKKRSKKIQKKYDERKKNAKISSLLEEQFQQGKLLACIAS,1
P62245,71,EIIDDHRAGKIVVNLTGRLNKCGVISPRFDVQLKDLEKWQN,1
P62259,123,VLDKHLIPAANTGESKVFYYKMKGDYHRYLAEFATGNDRKE,1
P62259,78,ASWRIISSIEQKEENKGGEDKLKMIREYRQMVETELKLICC,1
P62264,96,LAAQDVAQRCKELGITALHIKLRATGGNRTKTPGPGAQSAL,1
P62267,54,TALKANPFGGASHAKGIVLEKVGVEAKQPNSAIRKCVRVQL,1
P62270,106,RQKDVKDGKYSQVLANGLDNKLREDLERLKKIRAHRGLRHF,1
P62270,34,RVLNTNIDGRRKIAFAITAIKGVGRRYAHVVLRKADIDLTK,1
P62281,38,QNKKRVLLGETGKEKLPRYYKNIGLGFKTPKEAIEGTYIDK,1
P62301,112,IKKAVAVRKHLERNRKDKDAKFRLILIESRIHRLARYYKTK,1
P62301,70,IGVILRDSHGVAQVRFVTGNKILRILKSKGLAPDLPEDLYH,1
P62301,27,PGKGLSQSALPYRRSVPTWLKLTSDDVKEQIYKLAKKGLTP,1
P62313,23,LRKQTPSDFLKQIIGRPVVVKLNSGVDYRGVLACLDGYMNI,1
P62334,68,KALQSVGQIVGEVLKQLTEEKFIVKATNGPRYVVGCRRQLD,1
P62334,206,AVASQLDCNFLKVVSSSIVDKYIGESARLIREMFNYARDHQ,1
P62702,53,TGPHKLRECLPLIIFLRNRLKYALTGDEVKKICMQRFIKID,1
P62702,134,ITPEEAKYKLCKVRKIFVGTKGIPHLVTHDARTIRYPDPLI,1
P62702,16,XXXXXMARGPKKHLKRVAAPKHWMLDKLTGVFAPRPSTGPH,1
P62751,70,KTLRLRRQPKYPRKSAPRRNKLDHYAIIKFPLTTESAMKKI,1
P62821,119,FNNVKQWLQEIDRYASENVNKLLVGNKCDLTTKKVVDYTTA,1
P62827,60,VATLGVEVHPLVFHTNRGPIKFNVWDTAGQEKFGGLRDGYY,1
P62852,43,VNKSGGKAKKKKWSKGKVRDKLNNLVLFDKATYDKLCKEVP,1
P62852,94,SERLKIRGSLARAALQELLSKGLIKLVSKHRAQVIYTRNTK,1
P62889,44,SGKYVLGYKQTLKMIRQGKAKLVILANNCPALRKSEIEYYA,1
P62900,75,KEMGTPDVRIDTRLNKAVWAKGIRNVPYRIRVRLSRKRNED,1
P62908,141,GVLRFIMESGAKGCEVVVSGKLRGQRAKSMKFVDGLMIHSG,1
P62908,108,AEKVATRGLCAIAQAESLRYKLLGGLAVRRACYGVLRFIME,1
P62918,149,ASGNYATVISHNPETKKTRVKLPSGSKKVISSANRAVVGVV,1
P62984,48,AKIQDKEGIPPDQQRLIFAGKQLEDGRTLSDYNIQKESTLH,1
P62984,88,HLVLRLRGGIIEPSLRQLAQKYNCDKMICRKCYARLHPRAV,1
P63001,128,TPIILVGTKLDLRDDKDTIEKLKEKKLTPITYPQGLAMAKE,1
P63005,351,LMTLVGHDNWVRGVLFHSGGKFILSCADDKTLRVWDYKNKR,1
P63017,500,IDANGILNVSAVDKSTGKENKITITNDKGRLSKEDIERMVQ,1
P63017,348,KSQIHDIVLVGGSTRIPKIQKLLQDFFNGKELNKSINPDEA,1
P63017,128,KGETKSFYPEEVSSMVLTKMKEIAEAYLGKTVTNAVVTVPA,1
P63017,550,EKQRDKVSSKNSLESYAFNMKATVEDEKLQGKINDEDKQKI,1
P63028,102,SFTKEAYKKYIKDYMKSLKGKLEEQKPERVKPFMTGAAEQI,1
P63038,473,SLKPANEDQKIGIEIIKRALKIPAMTIAKNAGVEGSLIVEK,1
P63038,396,EQLDITTSEYEKEKLNERLAKLSDGVAVLKVGGTSDVEVNE,1
P63038,31,MRPVSRALAPHLTRAYAKDVKFGADARALMLQGVDLLADAV,1
P63158,157,AADDKQPYEKKAAKLKEKYEKDIAAYRAKGKPDAAKKGVVK,1
P63242,39,PMQCSALRKNGFVVLKGRPCKIVEMSTSKTGKHGHAKVHLV,1
P63260,284,PSFLGMESCGIHETTFNSIMKCDVDIRKDLYANTVLSGGTT,1
P63260,328,GIADRMQKEITALAPSTMKIKIIAPPERKYSVWIGGSILAS,1
P63260,50,VFPSIVGRPRHQGVMVGMGQKDSYVGDEAQSKRGILTLKYP,1
P63276,72,GYVTHLMKRIQRGPVRGISIKLQEEERERRDNYVPEVSALD,1
P63276,19,XXMGRVRTKTVKKAARVIIEKYYTRLGNDFHTNKRVCEEIA,1
P63280,59,MNWECAIPGKKGTPWEGGLFKLRMLFKDDYPSSPPKCKFEP,1
P67984,84,ERSKSKITVTSEVPFSKRYLKYLTKKYLKKNNLRDWLRVVA,1
P68040,183,PIIVSCGWDKLVKVWNLANCKLKTNHIGHTGYLNTVTVSPD,1
P68040,44,TPQFPDMILSASRDKTIIMWKLTRDETNYGIPQRALRGHSH,1
P68040,130,SVAFSSDNRQIVSGSRDKTIKLWNTLGVCKYTVQDESHSEW,1
P68433,57,KKPHRYRPGTVALREIRRYQKSTELLIRKLPFQRLVREIAQ,1
P68433,24,TKQTARKSTGGKAPRKQLATKAARKSAPATGGVKKPHRYRP,1
P68433,123,GLFEDTNLCAIHAKRVTIMPKDIQLARRIRGERAXXXXXXX,1
P70168,835,VACAAGLIGDLCTAFGKDVLKLVEARPMIHELLTEGRRSKT,1
P70168,23,LITILEKTVSPDRLELEAAQKFLERAAVENLPTFLVELSRV,1
P70388,874,QDQQEQIQHLKSKTNELKSEKLQIATNLQRRQQMEEQSVEL,1
P70670,2054,EPVSKAKQSRSEKKARKAMSKLGLRQVTGVTRVTIRKSKNI,1
P70698,309,ADRYDRLLETCSIALVGKYTKFSDSYASVIKALEHSALAIN,1
P80313,47,SACQVIAEAVRTTLGPRGMDKLIVDGRGKATISNDGATILK,1
P80314,181,NIAGTTLSSKLLTHHKDHFTKLAVEAVLRLKGSGNLEAIHV,1
P80314,284,VAEIEHAEKEKMKEKVERILKHGINCFINRQLIYNYPEQLF,1
P80314,82,MVTNDGATILKNIGVDNPAAKVLVDMSRVQDDEVGDGTTSV,1
P80315,489,AGLNPISTVTELRNRHAQGEKTTGINVRKGGISNILEEMVV,1
P80315,395,KITGCTSPGKTVTIVVRGSNKLVIEEAERSIHDALCVIRCL,1
P80315,143,LLQKGIHPTIISESFQKALEKGLEILTDMSRPVQLSDRETL,1
P80316,265,DAKIAILTCPFEPPKPKTKHKLDVMSVEDYKALQKYEKEKF,1
P80316,176,LVDINNPEPLIQTAKTTLGSKVINSCHRQMAEIAVNAVLTV,1
P80316,223,DVDFELIKVEGKVGGRLEDTKLIKGVIVDKDFSHPQMPKKV,1
P80317,55,RTNLGPKGTMKMLVSGAGDIKLTKDGNVLLHEMQIQHPTAS,1
P80318,370,LEIKKIGDEYFTFITDCKDPKACTILLRGASKEILSEVERN,1
P84091,256,SGKQSIAIDDCTFHQCVRLSKFDSERSISFIPPDGEFELMR,1
P84099,144,YLKVKGNVFKNKRILMEHIHKLKADKARKKLLADQAEARRS,1
P84099,92,KGRHMGIGKRKGTANARMPEKVTWMRRMRILRRLLRRYRES,1
P97311,205,CANRKRFLLDTNKSRFVDFQKVRIQETQAELPRGSIPRSLE,1
P97351,187,KMMEIMTREVQTNDLKEVVNKLIPDSIGKDIEKACQSIYPL,1
P97351,85,RVFEVSLADLQNDEVAFRKFKLITEDVQGKNCLTNFHGMDL,1
P97351,56,PAMFNIRNIGKTLVTRTQGTKIASDGLKGRVFEVSLADLQN,1
P97351,227,LHDVFVRKVKMLKKPKFELGKLMELHGEGGSSGKAAGDETG,1
P97429,259,IVKCMRSKPSYFAERLYKSMKGLGTDDNTLIRVMVSRAEID,1
P97461,47,DVQINDISLQDYIAVKEKYAKYLPHSAGRYAAKRFRKAQCP,1
Q01320,613,EFEEWKSSTPNHKKWKVKYYKGLGTSTSKEAKEYFADMKRH,1
Q01730,158,ALYLSDNDFEILPPDIGKLTKLQILSLRDNDLISLPKEIGE,1
Q01768,39,GLVGEIIKRFEQKGFRLVAMKFLRASEEHLKQHYIDLKDRP,1
Q01853,505,VKRELQELVQYPVEHPDKFLKFGMTPSKGVLFYGPPGCGKT,1
Q02053,185,TNSPLEAQLRVGEFCHSRGIKLVVADTRGLFGQLFCDFGEE,1
Q02053,838,NASVDDSRLEELKATLPSPDKLPGFKMYPIDFEKDDDSNFH,1
Q02819,70,YHRYLQEVINVLETDGHFREKLQAANAEDIKSGKLSQELDF,1
Q03265,434,VSRVGSAAQTRAMKQVAGTMKLELAQYREVAAFAQFGSDLD,1
Q03265,539,HQSLLGNIRSDGKISEQSDAKLKEIVTNFLAGFEPXXXXXX,1
Q04750,722,KLEVQATDREENKQIALGTSKLNYLDPRITVAWCKKWGVPI,1
Q06138,196,STFDIASDAFATFKDLLTRHKLLSAEFLEQHYDRFFSEYEK,1
Q08093,134,SGNMTQVQVSLLALAGKAKTKGLQSGVDIGVKYSEKQERNF,1
Q08093,25,QFNKGPSYGLSAEVKNRLLSKYDPQKEAELRSWIEGLTGLS,1
Q08093,234,KCASQVGMTAPGTRRHIYDTKLGTDKCDNSSMSLQMGYTQG,1
Q08093,55,RSWIEGLTGLSIGPDFQKGLKDGVILCTLMNKLQPGSVPKI,1
Q11011,280,RSKDGVCVRVYTPVGKAEQGKFALEVAAKTLPFYKDYFNVP,1
Q3U1J4,570,NGLSPLCAIGLWTDISARILKLPSFELLHKEMLGGEIIPRS,1
Q3UHX2,126,ELSRREREEIEKQKAKERYMKMHLAGKTEQAKADLARLAII,1
Q3UJB9,1097,TKLTAVEGSMKENISKLLKSKNLTDAIARAAADTLQGPMQA,1
Q4KML4,25,HEVNLLVEEIHRLGSKNADGKLSVKFGVLFQDDRCANLFEA,1
Q5XJY5,309,DGGLQNMELHGMIMLRISDDKFGRIRLHVENEDKKGVQLQT,1
Q60598,235,YQGKTEKHESQKDYVKGFGGKFGVQTDRQDKCALGWDHQEK,1
Q60605,56,MRALGQNPTNAEVLKVLGNPKSDEMNVKVLDFEHFLPMLQT,1
Q60605,26,EDQTAEFKEAFQLFDRTGDGKILYSQCGDVMRALGQNPTNA,1
Q60676,111,LDKKYIKGYYRRAASNMALGKFRAALRDYETVVKVKPNDKD,1
Q60715,320,MTPRRQKRLFCRYHDGNRNPKFILAPAKQEDEWDKPRIIRF,1
Q60854,100,EVNKTGTQYLLRTANRLFGDKTCDLLASFKDSCLKFYEAEL,1
Q60864,284,NQAAVHFEKGDYNKCRELCEKAIEVGRENREDYRQIAKAYA,1
Q60864,229,PKPEPMEEDLPENKKQALKEKELGNDAYKKKDFDKALKHYD,1
Q60864,169,DPTYRELIEQLQNKPSDLGTKLQDPRVMTTLSVLLGVDLGS,1
Q60864,136,EARLAERKFMNPFNLPNLYQKLENDPRTRSLLSDPTYRELI,1
Q60931,163,VLAFEGWLAGYQMSFDTAKSKLSQNNFALGYKAADFQLHTH,1
Q60932,109,NTDNTLGTEITVEDQLARGLKLTFDSSFSPNTGKKNAKIKT,1
Q61035,257,SVDKLDKVSWEEVKNEMVGEKGLAPEVADRIGDYVQQHGGV,1
Q61166,204,PGVGNGDDEAAELMQQVKVLKLTVEDLEKERDFYFGKLRNI,1
Q61171,29,GKSAPDFTATAVVDGAFKEIKLSDYRGKYVVLFFYPLDFTF,1
Q61316,610,LDREMLALYTENEGKMIMQDKLEKERNDAKNAVEEYVYEMR,1
Q61316,675,DTENWLYEDGEDQPKQVYVDKLAELKSLGQPIKTRFQESEE,1
Q61316,305,PLSIECFMNDIDVSGTMNRGKFLEMCDDLLARVEPPLRSVL,1
Q61335,95,DVTEKVNLQNNPGAMEHFHMKLFRAQRNLYIAGFSLLLSFL,1
Q61335,167,AKKYMEENDQLKKGAAEDGDKLDIGNTEMKLEENKSLKNDL,1
Q61543,626,LSRECRAEVQRILHQRAMDVKLDPALQDKCLIDLGKWCSEK,1
Q61598,210,ALYRTDDYLDQPCCETINRIKLYSESLARYGKSPYLYPLYG,1
Q61699,665,EFRDKLCGPYEKFICEQEHEKFLRLLTETEDWLYEEGEDQA,1
Q61753,69,EGLIVRSATKVTADVINAAEKLQVVGRAGTGVDNVDLEAAT,1
Q61753,394,VIVGLLREASKQADVNLVNAKLLVKEAGLNVTTSHNPGVPG,1
Q61879,1800,AQKSDNARQQLERQNKELKAKLQELEGAVKSKFKATISALE,1
Q61879,1331,AGLESQLQDTQELLQEETRQKLNLSSRIRQLEEEKNSLQEQ,1
Q61879,663,YKTKKGMFRTVGQLYKESLTKLMATLRNTNPNFVRCIIPNH,1
Q61881,159,RGPSSSKPRVIREVRADSVGKLLTVRGIVTRVSEVKPRMVV,1
Q61937,265,IKAKMQASIEKGGSLPKVEAKFINYVKNCFRMTDQEAIQDL,1
Q62093,36,LKVDNLTYRTSPDTLRRVFEKYGRVGDVYIPRDRYTKESRG,1
Q62261,1354,EKEGMQLISEKPETEAVVKEKLTGLHKMWEVLESTTQTKAQ,1
Q62261,1913,WKSLLDACEGRRVRLVDTGDKFRFFSMVRDLMLWMEDVIRQ,1
Q62348,187,PLHISTFINELDSGFRLLNLKNDSLRKRYDGLKYDVKKVEE,1
Q62376,118,QGDAFKTLFVARVNYDTTESKLRREFEVYGPIKRIHMVYSK,1
Q62419,67,VAEVLVRTIEYLQPNPASRAKLTMLNTVSKIRGQVKNPGYP,1
Q62426,34,AETQEVADQVKSQLESKENQKFDVFKAISFKRQIVAGTNLF,1
Q62448,170,AAEGQPGQKQSTTFRRLLISKLQDEFENRTRNVDVYDKREN,1
Q62448,760,IKLDPSPQTIYKWIKDNISPKLHVDKGFVNILMTSFLQYIS,1
Q62523,263,PRGPLSQAPTPAPKFAPVAPKFTPVVSKFSPGAPSGPGPQP,1
Q64012,165,VKRPRVTVPLVRRVKTTIPVKLFARSTAVTTGSAKIKLKSS,1
Q64152,55,GSRGRESQMKETIMNQEKLAKLQAQVRIGGKGTARRKKKVV,1
Q64525,109,TITSREIQTAVRLLLPGELAKHAVSEGTKAVTKYTSSKXXX,1
Q64525,47,GKKRKRSRKESYSVYVYKVLKQVHPDTGISSKAMGIMNSFV,1
Q64727,778,RRANRILLVAKREVENSEDPKFREAVKAASDELSKTISPMV,1
Q64727,276,DAWASKDTEAMKRALASIDSKLNQAKGWLRDPNASPGDAGE,1
Q68FD5,1612,MDFAMPYFIQVMKEYLTKVDKLDASESLRKEEEQATETQPI,1
Q68FD5,163,DRHSSLAGCQIINYRTDAKQKWLLLTGISAQQNRVVGAMQL,1
Q69ZN7,871,YENQALVFGKWGTSGLVGRHKFSDVTGKIKLKREFFLPPKG,1
Q6GSS7,96,KTRIIPRHLQLAIRNDEELNKLLGKVTIAQGGVLPNIQAVL,1
Q6IRU2,223,AEFAERTVSKLEKTIDDLEEKLAQAKEENVGLHQTLDQTLN,1
Q6NZB0,108,KNQDDADRAQKAFEAVDKAYKLLLDQEQKKRALDVIQAGKE,1
Q6PDM2,38,IYVGNLPPDIRTKDIEDVFYKYGAIRDIDLKNRRGGPPFAF,1
Q6PDM2,179,VVEFVRKEDMTYAVRKLDNTKFRSHEGETAYIRVKVDGPRS,1
Q6ZWN5,93,EGNALLRRLVRIGVLDEGKMKLDYILGLKIEDFLERRLQTQ,1
Q6ZWN5,47,QELKLIGEYGLRNKREVWRVKFTLAKIRKAARELLTLDEKD,1
Q6ZWN5,155,IRVRKQVVNIPSFIVRLDSQKHIDFSLRSPYGGGRPGRVKR,1
Q6ZWV3,101,GKDGFHIRVRLHPFHVIRINKMLSCAGADRLQTGMRGAFGK,1
Q6ZWV3,198,ADEFEDMVAEKRLIPDGCGVKYIPNRGPLDKWRALHSXXXX,1
Q6ZWV7,43,DLKVELSQLRVAKVTGGAASKLSKIRVVRKSIARVLTVINQ,1
Q76MZ3,188,QYFRNLCSDDTPMVRRAAASKLGEFAKVLELDNVKSEIIPM,1
Q76MZ3,266,PTLRQAAEDKSWRVRYMVADKFTELQKAVGPEITKTDLVPA,1
Q7TMK9,363,RNLANTVTEEILEKSFSQFGKLERVKKLKDYAFIHFDERDG,1
Q7TNV0,91,TMQVSSLQREPFTVTQGKGQKLCEIERIHFFLSKKKPDELR,1
Q7TPR4,195,DGLGFCALIHRHRPELIDYGKLRKDDPLTNLNTAFDVAERF,1
Q7TPV4,1097,QKELSILELLNTLLRTVNHEKLSVDLTAPLGVLQSKQQKLQ,1
Q7TPV4,54,LDFFWDIAKPDQETRLRATEKLLEYLRTRPNDSEMKYALKR,1
Q80UG5,488,IDVYPQKEFDEDAEDRLVNEKFREMIPFAVVGSDHEYQVNG,1
Q80X90,495,FKVDTKAAGSGELGVTVKGPKGLEELVKQKGFLDGVYSFEY,1
Q80X90,1005,SRKVVPCLVAPVAGRECSTAKFIPREEGLFAVDVTYDGHPV,1
Q80X90,1801,DGTVTVRYAPTEVGLHEMHIKYRGSHIPESPLQFYVNYPNS,1
Q8BFR5,88,HGKTTLTAAITKILAEGGGAKFKKYEEIDNAPEERARGITI,1
Q8BFY9,192,DSDVLDRPLNIMIPKFLQFFKHSSPKIRSHAVACVNQFIIS,1
Q8BGQ7,338,TGRGYVLRRILRRAVRYSHEKLNASRGFFATLVDVVVQSLG,1
Q8BGQ7,476,GAGDEDLIMLDIYAIEELRAKGLEATDDSPKYNYQSDSSGS,1
Q8BJ71,619,DKFTSDTKPIINKVASVAENKGLFEEAAKLYDLAKNADKVL,1
Q8BJ71,718,FFDEYHSGHIDRAFDIIDRLKLVPLNQESVEERVAAFRNFS,1
Q8BKC5,800,MGDGCLNNEHFEELGGILKAKLEEHFKNQELRQVKRQDEDY,1
Q8BKC5,712,LKEGFVEYTEQVVKLMVPLLKFYFHDGVRVAAAESMPLLLE,1
Q8BMD8,283,TAVKFWAYEQYKKLLTEEGQKLGTFERFISGSMAGATAQTF,1
Q8BMJ3,88,KVWINTSDIILVGLRDYQDNKADVILKYNADEARSLKAYGE,1
Q8BMK4,167,TFGTFESLLRNSQHKQDLTEKAVKEGESELNRISEVLQKLQ,1
Q8BMK4,361,ESSSRLPEDIRRLEEELQQLKVGAHGSEEGAVFKDSKALEE,1
Q8BMK4,524,DRLSSLDNLKSSVSQVESDLKMLRTAVDSLVAYSVKIETNE,1
Q8BMK4,251,IAIFTDVQKRSQKEINEVKMKVASLEESKGDRSQDVKTLKD,1
Q8BP47,42,REGNDATGDGTKEKPFKTGLKALMTVGKEPFPTIYVDSQKE,1
Q8BP67,27,SFSGYKIYPGHGRRYARTDGKVFQFLNAKCESAFLSKRNPR,1
Q8BTM8,906,GVELGKPTHFTVNAKTAGKGKLDVQFSGLAKGDAVRDVDII,1
Q8BTM8,2563,TVPQHATSGPGPADVSKVVAKGLGLSKAYVGQKSNFTVDCS,1
Q8BTM8,127,VSVALEFLDRESIKLVSIDSKAIVDGNLKLILGLIWTLILH,1
Q8BU30,254,LALCVNPEIQYVKIKDVARGKLFILTEARLSALYKQESDYE,1
Q8BU30,169,KTLYPQFMESVWWVFKQLYDKGLVYRGVKVMPFSTACGTPL,1
Q8BWY3,171,IDGSGALFGTLQGNTREVLHKFTVDLPKKHGRGGQSALRFA,1
Q8BX10,140,TPLGREQAELTGLRLASLGLKFNKIVHSSMTRAVETTDIIS,1
Q8BX17,738,SRPPQGKKCIELEKKRLSQFKPKLKKKKKPTLRLPVKQDSS,1
Q8C1B7,366,VMRVKEKEAELKEAEKELHEKFDLLKRTHQEEKKKVEDKKK,1
Q8CG47,387,VKDVEKKLNKVTKFIEQNKEKFTQLDLEDVQVREKLKHATS,1
Q8CG48,1160,FIVVSLKEGMFNNANVLFKTKFVDGVSTVARFTQSQAGKIP,1
Q8CG48,677,FDPHGTLSGGARSQAASILTKFQEVKDVQDELRTKENELRA,1
Q8CGC7,1389,VGPRDMKSCQFVAVRRDTGEKLTIAEKEAEAKLEKVLEDIQ,1
Q8CGC7,282,KPDQFTYTSDHFETIMKYAEKLIQEGKAYVDDTPAEQMKAE,1
Q8JZQ9,243,FLEYASPAHAVDAVKNADGYKLDKQHTFRVNLFTDFDKYMT,1
Q8JZQ9,353,PKGTYLATFHQRGIALWGGDKFKQIQRFSHQGVQLIDFSPC,1
Q8K019,591,STLVHSVKKEQEFRSIFDHIKLPQANKSTSESFIQHIVSLV,1
Q8K2B3,179,PFSRTEDGKIYQRAFGGQSLKFGKGGQAHRCCCVADRTGHS,1
Q8K310,473,YYTTTPALVFGKPVRVHLSQKYKRIKKPEGKPDQKFDQKQE,1
Q8QZY1,465,KVFSDEVQQQAQLSTIRSFLKLYTTMPVAKLAGFLDLTEQE,1
Q8R1B4,551,EQDQAENEGEDSAVLMERLCKYIYAKDRTDRIRTCAILCHI,1
Q8R1S9,140,LYSVHLLLKTAKEGGSLIYEKLGEKAFGWPGKIGAFISITM,1
Q8R332,300,QLLSLAASGLQRNTLNIDKLKLETAQELKNAEIALRTQKTP,1
Q8R480,540,DLIDNLGSAMMLSDRLTFLGKYREFHRLYGEKRFGDAASLL,1
Q8R5J9,151,LLMFIHASLRLRNLKNKLENKMEGIGLKKTPMGIILDALEQ,1
Q8VDD5,299,YLLSGAGEHLKTDLLLEPYNKYRFLSNGHVTIPGQQDKDMF,1
Q8VDD5,1024,FTTNLMEEEEKSKSLAKLKNKHEAMITDLEERLRREEKQRQ,1
Q8VDD5,989,TEAKLKKLEEDQIIMEDQNCKLAKEKKLLEDRVAEFTTNLM,1
Q8VDD5,860,SIRHEDELLAKEAELTKVREKHLAAENRLTEMETMQSQLMA,1
Q8VDD5,1410,LQKDLEGLSQRLEEKVAAYDKLEKTKTRLQQELDDLLVDLD,1
Q8VDD5,1477,SAKYAEERDRAEAEAREKETKALSLARALEEAMEQKAELER,1
Q8VDD5,580,KQLKDKADFCIIHYAGKVDYKADEWLMKNMDPLNDNIATLL,1
Q8VDD5,1620,DERKQRSMAMAARKKLEMDLKDLEAHIDTANKNREEAIKQL,1
Q8VDD5,1193,KKTLEDEAKTHEAQIQEMRQKHSQAVEELADQLEQTKRVKA,1
Q8VDN2,45,KAKKERDMDELKKEVSMDDHKLSLDELHRKYGTDLSRGLTP,1
Q8VDW0,190,GTPGRILALVRSRSLNLRNVKHFVLDECDKMLEQLDMRRDV,1
Q8VDW0,137,VMCHTRELAFQISKEYERFSKYMPSVKVSVFFGGLSIKKDE,1
Q8VEK3,527,NTIMDKMMVAGFKKQMADTGKLNTLLQRAPQCLGKFIEIAA,1
Q8VEK3,328,GKVCFEMKVTEKIPVRHLYTKDIDIHEVRIGWSLTTSGMLL,1
Q8VEK3,31,LKVSELKEELKKRRLSDKGLKADLMDRLQAALDNEAGGRPA,1
Q8VEK3,640,EVAECFDEITYVELQKEEAQKLLEQYKEESKKALPPEKKQN,1
Q8VEK3,611,QRTQKKAEVEGKDLPEHAVLKMKGNFTLPEVAECFDEITYV,1
Q8VEM8,308,KEKGSTASQVLQRLGFRGVWKGLFARIIMIGTLTALQWFIY,1
Q8VEM8,242,QIPYTMMKFACFERTVEALYKFVVPKPRSECTKAEQLVVTF,1
Q8VIJ6,405,QFGPIERAVVIVDDRGRSTGKGIVEFASKPAARKAFERCSE,1
Q91V92,265,EAYPEEAYIADLDAKSGASLKLTLLNPKGRIWTMVAGGGAS,1
Q91VJ2,121,RRAAQVQRLEANHGLLVARGKLHVLLFKEETEIPARAFQKV,1
Q91VR5,317,ELAEQTLNNVKQFKKYIDNPKLRELLIIGGVAARDQLSVLD,1
Q91YQ5,588,VEAERLVAGKLKKDTYLENEKLSSGKRQELVTKIDHILDAL,1
Q91ZX7,2391,TLIEKDIRTPNGLAIDHRAEKLYFSDATLDKIERCEYDGSH,1
Q920B9,216,KFFKERVMEIVDADEKVRHSKLAESVEKAIEEKKYLAGADP,1
Q920E5,31,NQEKQNFIQHFSQIVKVLTEKELGHPEIGDAIARLKEVLEY,1
Q921J2,102,ILVYSVTSIKSFEVIKVIHGKLLDMVGKVQIPIMLVGNKKD,1
Q921M3,965,VEEVPAAIAPFQGRVLIGVGKLLRVYDLGKKKLLRKCENKH,1
Q922J3,812,LNQVNQVKETLEKELQTLKEKFASTSEEAVSAQTRMQDTVN,1
Q922J9,29,EGKNILLTGATGFLGKVLLEKLLRSCPRVNSVYVLVRQKAG,1
Q922J9,63,LVRQKAGQTPQERVEEILSSKLFDRLRDENPDFREKIIAIN,1
Q922Q8,73,TLPSDFCGLTHLVKLDLSKNKLQQLPADFGRLVNLQHLDLL,1
Q922Q8,111,DLLNNRLVTLPVSFAQLKNLKWLDLKDNPLDPVLAKVAGDC,1
Q93092,269,GCDFLTISPKLLGELLKDNSKLAPALSVKAAQTSDSEKIHL,1
Q99JX4,155,GAIQYIPTELDQVRKWISDWKLTTEKKHTLLRLLYEALVDC,1
Q99JY9,348,FRDFGRRLQRDLKRTVDARLKLSEELSGGRLKPKPIDVQVI,1
Q99K48,297,IEMEKQQQDQVDRNIKEAREKLEMEMEAARHEHQVMLMRQD,1
Q99K48,98,LFVGNLPPDITEEEMRKLFEKYGKAGEVFIHKDKGFGFIRL,1
Q99K85,190,GAVLVCDMSSNFLSRPVDVSKFGVIFAGAQKNVGSAGVTVV,1
Q99K85,269,YVMGMVLEWIKNNGGAAAMEKLSSIKSQMIYEIIDNSQGFY,1
Q99KF1,160,HLDIQVGEHANDYAEIAAKDKLSELQLRVRQLVEQVEQIQK,1
Q99KI0,50,AKVAMSHFEPSEYIRYDLLEKNINIVRKRLNRPLTLSEKIV,1
Q99KJ8,65,HIIVNPNAAYDKFKDKRVGTKGLDFSDRIGKTKRTGYESGD,1
Q99KP6,428,ATAADDSSVKLWDLRKLKNFKTLQLDNNFEVKSLIFDQSGT,1
Q99L47,141,IEALNDGELQKAIDLFTDAIKLNPRLAILYAKRASVFVKLQ,1
Q99LD4,317,KLFLELEPQVRDIIFKFYESKYASCLKMLDEMKDNLLLDMY,1
Q99MN1,139,LTDVTLKVAGRIHAKRASGGKLIFYDLRGEGVKLQVMANSR,1
Q99MR6,525,NINGITQHKQIVRNDIKLAAKLIHTLDDRTQLWASEPGTPP,1
Q99PL5,1564,LKERLEKEKRLTSDLGRAAIKLQELLKTTQEQLTKEKDTVK,1
Q99PL5,1124,LRADAEKAQEQQQRVAELHSKLQSSEVEVKSKCEELSSLHG,1
Q9CPQ8,66,IPTAIQSVKKIIQSAKTGSFKHLTVKEAVLNGLVATEVWMW,1
Q9CPT4,154,FEVTKTAVSHRPGAFKAELSKLVIVAKAARSELXXXXXXXX,1
Q9CQC6,60,LTETGTDLEAVAKFLDASGAKLDYRRYAETLFDILVAGGML,1
Q9CQW1,166,LDETKIILHNTMESLLERGEKLDDLVSKSEVLGTQSKAFYK,1
Q9CR57,85,PHSARQKYVRKAWEKADINTKWAATRWAKKIDARERKAKMT,1
Q9CR57,23,FRRYVEVGRVAYISFGPHAGKLVAIVDVIDQNRALVDGPCT,1
Q9CRT8,635,QALMKDLLTPLMERFKVLLEKLMMAQDEERQASLADSLNHA,1
Q9CWM4,28,ELKKAFTELQAKVIDTQQKVKLADIQIEQLNRTKKHAHLTD,1
Q9CX56,284,DILLDTIRDEIAGCIEKAYEKILFAEATRILFFSTPKKMTD,1
Q9CXW4,85,NEKIAVHCTVRGAKAEEILEKGLKVREYELRKNNFSDTGNF,1
Q9CY58,122,KKEGIRRVGRRPDQQLQGDGKLIDRRAERRPPRERRFEKPL,1
Q9CY58,302,EGPKEMTLDEWKAIQNKDRAKVEFNIRKPNEGADGQWKKGF,1
Q9CZD3,187,EIDCTMLTPEPVLKTSGHVDKFADFMVKDVKNGECFRADHL,1
Q9CZM2,93,RPVPKGATYGKPVHHGVNQLKFARSLQSVAEERAGRHCGAL,1
Q9CZN7,464,VVDFIDEGVNIGLEVKRKTAKLQDFKSFLLKDPETSQRLAN,1
Q9CZU6,327,EVLVWLTQLQKEVGKDVSDEKLRDYIWNTLNSGRVVPGYGH,1
Q9CZU6,459,SRALGFPLERPKSMSTDGLMKFVDSKXXXXXXXXXXXXXXX,1
Q9CZU6,366,GHAVLRKTDPRYSCQREFALKHLPKDPMFKLVAQLYKIVPN,1
Q9CZX8,38,LAAFLKKSGKLKVPEWVDTVKLAKHKELAPYDENWFYTRAA,1
Q9CZX8,111,HFSRGSKSVARRVLQALEGLKMVEKDQDGGRKLTPQGQRDL,1
Q9CZX8,77,AASTARHLYLRGGAGVGSMTKIYGGRQRNGVRPSHFSRGSK,1
Q9D0B6,63,AMQHAEVYYKLISSVDPQFLKLTKVDDQIYSEFREIFETLR,1
Q9D0E1,671,ACQIFVRNLPFDFTWKMLKDKFNECGHVLYADIKMENGKSK,1
Q9D0I9,484,DLLEEGLKRSMDKLKEKERDKVLTEEELKAAQTSVAYGCIK,1
Q9D0R2,242,KETLLEMFKYNKFKCRILNEKVNTPTTTVYRCGPLIDLCRG,1
Q9D1D4,143,ILDMKHGVEAKNYEEIAKVEKLKPLEVELRRLEDLSESIVN,1
Q9D1M4,138,ILLYYGLHRFIVDLTVQEKEKYLNVSRWFCHIQHYPDIRQH,1
Q9D1P4,134,PMTNLELKISASLKQALDKLKLSSGSEEDKKEEDSDEIKIG,1
Q9D287,177,RKHIQDLNWQRKNMQLTAGSKLREMESNWVSLVSKNYEIER,1
Q9D6Z1,375,TFIGRAAAKNKGRISRYLANKCSIASRIDCFSEVPTSVFGE,1
Q9D819,57,IYADKDVFHMVVEVPRWSNAKMEIATKDPLNPIKQDVKKGK,1
Q9D8E6,239,KAFRNIPGITLLNVSKLNILKLAPGGHVGRFCIWTESAFRK,1
Q9D8E6,327,KKIHRRVLKKNPLKNLRIMLKLNPYAKTMRRNTILRQARNH,1
Q9D8N0,212,LTCINQPQFRAILGEVKLCEKMAQFDAKKFAESQPKKDTPR,1
Q9D8N0,147,ATENAKEEVKRILGLLDTHLKTRTFLVGERVTLADITVVCT,1
Q9DAW9,156,TTIDIGVKYAEKQTRRFDEGKLKAGQSVIGLQMGTNKCASQ,1
Q9DB20,192,KLEIKTDPSIMGGMIVRIGEKYVDMSAKSKIQKLSKAMREM,1
Q9DBG3,721,GMAPGGYVAPKAVWLPAVKAKGLEISGTFTHRQGHIYMEMN,1
Q9DBG6,460,NQKTGQEVVFVAEPDNKNVYKFELDTSERKIEFDSASGTYT,1
Q9DC51,35,RSKMIDRNLREDGEKAAKEVKLLLLGAGESGKSTIVKQMKI,1
Q9DC51,92,VVYSNTIQSIIAIIRAMGRLKIDFGESARADDARQLFVLAG,1
Q9DCC8,56,NRLRERRKKQKLAKERAGLSKLPDLKDAEAVQKFFLEEIQL,1
Q9DCH4,242,STLMGVPGRTMGVMFTPLTVKYAYYDTERIGVDLIMKTCFS,1
Q9DCL9,53,LQSKDQITAGNAARKNHLEGKAAISNKITSCIFQLLQEAGI,1
Q9DCW4,176,EGDKVKVEREIDGGLETLRLKLPAVVTADLRLNEPRYATLP,1
Q9EQ61,81,ARTFYLIKDIKFLLHEPIVNKFREYKVFVRKLRKAYGKSEW,1
Q9EQH3,38,EAIQAVKVQSFQMKRCLDKNKLMDALKHASNMLGELRTSML,1
Q9EST5,116,SGNNLKDISTLEPLKRLDCLKSLDLFGCEVTNRSDYRETVF,1
Q9JHJ0,230,NIPIPTLKDFAKTLEANTHVKHFSLAATRSNDPVAVAFADM,1
Q9JHU4,679,YMKRVEDVLGKGWENHVEGQKLKQDGDSFRMKLNTQEIFDD,1
Q9JHU4,1117,KKEFGPVVIDYGKVQSKVNLKYDSWHKEVLSKFGQMLGSNM,1
Q9JIF0,134,VIGIECSSISDYAVKIVKANKLDHVVTIIKGKVEEVELPVE,1
Q9JIF7,298,IKAAAQCYIDLIIKESDNNVKLIVLDRLVELKEHPAHERVL,1
Q9JIK5,750,KEQLGESIDAKVKGMVFLKGKLGVCFDVRTEAVTEIQEKWH,1
Q9JIX0,19,XXMVVSKMNKDAQMRAAINQKLIETGERERLKELLRAKLIE,1
Q9JKF1,1562,GKVSKKPREMKGKKSKKISLKYTAARLHEKGVLLEIEDLQA,1
Q9JMA1,291,NQLQLSCFINQEVKYLFTGLKLRLQEEITKQSPTLQRNALY,1
Q9QUR6,172,TIKFMKVDGAKELPDVLERVKFTCMAWTHDGKGMFYNSYPQ,1
Q9QXS1,1983,QLAEEDAARQRAEAERVLTEKLAAISEATRLKTEAEIALKE,1
Q9QXS1,4482,TGGIIDPSTGERFPVTEAVNKGLVDKIMVDRINLAQKAFCG,1
Q9QXS1,311,HFQISDIQVSGQSEDMTAKEKLLLWSQRMVEGYQGLRCDNF,1
Q9QXS1,3060,YTDTEARDVFEKATVSAPFGKFQGRTVTIWEIINSEYFTAE,1
Q9QXS1,748,SPATRGAYRDCLGRLDLQYAKLLNSSKARLRSLESLHGFVA,1
Q9QXS1,2660,FLSEKDSLLQRERFIEQEKAKLEQLFQDEVAKAKQLREEQQ,1
Q9QXS1,2561,QARAEEDAQRFRKQAEEIGEKLHRTELATQEKVTLVQTLEI,1
Q9QXS1,2033,RLAEDEAFQRRRLEEQAALHKADIEERLAQLRKASESELER,1
Q9QXS1,4147,LKLTVEEAVRMGIVGPEFKDKLLSAERAVTGYKDPYSGKLI,1
Q9QXS1,247,LLEVLSGDSLPREKGRMRFHKLQNVQIALDYLRHRQVKLVN,1
Q9QYJ0,134,EDMMHPLKVSLEDLYNGKTTKLQLSKNVLCSACSGQGGKSG,1
Q9R0Q7,33,DYVFIEFCVEDSKDVNVNFEKSKLTFSCLGGSDNFKHLNEI,1
Q9R0X4,102,MRDSYIEVLLPLGTDPELRDKYVTVQNTVRFGRILEDLDSL,1
Q9R1P0,205,TLKSALALAVKVLNKTMDVSKLSAEKVEIATLTRESGKTVI,1
Q9R1T2,49,LWGLEAQKRLRASRVLIVGMKGLGAEIAKNLILAGVKGLTM,1
Q9WV55,188,NDTETRKLMEECKRLQGEMMKLSEENRHLRDEGLRLRKVAH,1
Q9WV55,125,NISDMEAVWKEAKPDELMDSKLRCVFEMPNENDKLNDMEPS,1
Q9WVA4,54,ITTQCREDVGQPQPGRENFQKWLKDGTVLCKLINSLYPEGQ,1
Q9WVK4,32,KKEPELFQTVAEGLRQLYAQKLLPLEEHYRFHEFHSPALED,1
Q9Z0N1,183,ESCPQPQTSEHLAAIEIMKLKHILILQNKIDLVKESQAKEQ,1
Q9Z0N1,80,AISGVHTVRFKNELERNITIKLGYANAKIYKLDDPSCPRPE,1
Q9Z0N1,285,NKPGCEVDDLKGGVAGGSILKGVLKVGQEIEVRPGIVSKDS,1
Q9Z110,649,LFDQIIDMLRVEQVKIHAGPKFASYLTFSPSEVKSLRTEYG,1
Q9Z1Q9,951,QGRDINLDVNRILGYRHFCNKLWNATKFALRGLGKGFVPSA,1
Q9Z1Q9,842,HDILFFWVARMVMLGLKLTGKLPFREVYLHAIVRDAHGRKM,1
Q9Z1X4,100,QKAEHMTRTLRGVMRVGLVAKGLLLKGDLDLELVLLCKEKP,1
Q9Z204,39,FIGNLNTLVVKKSDVEAIFSKYGKIVGCSVHKGFAFVQYVN,1
Q9Z204,207,GKLKGDDLQAIKKELTQIKQKVDSLLESLEKIEKEQSKQAD,1
Q9Z315,183,QREELREKLAAAKEKRLLNQKLGKIKTLGEDDPWLDDTAAW,1
D3Z7P3,65,TAGLVAAARLHPWWGGGGRAKGPGAGGLSSSPSEILQELGK,0
D3Z7P3,111,QQQQQQQQQPGASPPAAPGPKDSPGETDAFGNSEGKEMVAA,0
D3Z7P3,202,ECMDMLRLTLQTTSDGVMLDKDLFKKCVQSNIVLLTQAFRR,0
D3Z7P3,244,FVIPDFMSFTSHIDELYESAKKQSGGKVADYIPQLAKFSPD,0
D3Z7P3,284,DLWGVSVCTVDGQRHSIGDTKVPFCLQSCVKPLKYAIAVND,0
D3Z7P3,316,LKYAIAVNDLGTEYVHRYVGKEPSGLRFNKLFLNEDDKPHN,0
D3Z7P3,351,DDKPHNPMVNAGAIVVTSLIKQGVNNAEKFDYVMQFLNKMA,0
D3Z7P3,401,ATFQSERESGDRNFAIGYYLKEKKCFPEGTDMVGILDFYFQ,0
D3Z7P3,486,HSCGMYDFSGQFAFHVGLPAKSGVAGGILLVVPNVMGMMCW,0
D3Z7P3,518,PNVMGMMCWSPPLDKMGNSVKGIHFCHDLVSLCNFHNYDNL,0
D3Z7P3,557,NLRHFAKKLDPRREGGDQRVKSVINLLFAAYTGDVSALRRF,0
D3Z7P3,608,DYDSRTALHVAAAEGHVEVVKFLLEACKVNPFPKDRWNNTP,0
D3Z7P3,642,DRWNNTPMDEALHFGHHDVFKILQEYQVQYTPQGDSDDGKG,0
O08709,97,EDHLAWSKDINAYNGETPTEKLPFPIIDDKGRDLAILLGML,0
O08709,173,TGRNFDEILRVVDSLQLTGTKPVATPVDWKKGESVMVVPTL,0
O08709,204,GESVMVVPTLSEEEAKQCFPKGVFTKELPSGKKYLRYTPQP,0
O08795,18,XXXMLLLLLLLLPLCWAVEVKRPRGVSLSNHHFYEESKPFT,0
O08795,59,CLDGTATIPFDQVNDDYCDCKDGSDEPGTAACPNGSFHCTN,0
O08795,119,CCDGTDEYNSGTVCENTCREKGRKEKESLQQLAEVTREGFR,0
O08795,188,SLEDQVETLRAAKEEAERPEKEAKDQHRKLWEEQQAAAKAR,0
O08795,279,GDTQTDTTSFYDRVWAAIRDKYRSEVPPTDIPVPEETEPKE,0
O08795,424,LYSQCYELTTNEYVYRLCPFKLVSQKPKHGGSPTSLGTWGS,0
O08795,457,TSLGTWGSWAGPDHDKFSAMKYEQGTGCWQGPNRSTTVRLL,0
O08997,25,EFSVDMTCEGCAEAVSRVLNKLGGVEFNIDLPNKKVCIDSE,0
O35129,24,NLKDLAGRLPAGPRGMGTALKLLLGAGAVAYGVRESVFTVE,0
O35129,89,HFRIPWFQYPIIYDIRARPRKISSPTGSKDLQMVNISLRVL,0
O35129,200,DDVAITELSFSREYTAAVEAKQVAQQEAQRAQFLVEKAKQE,0
O35226,40,DFLPTRLQAQQDAVNIVCHSKTRSNPENNVGLITLANDCEV,0
O35226,103,KITFCTGIRVAHLALKHRQGKNHKMRIIAFVGSPVEDNEKD,0
O35226,132,FVGSPVEDNEKDLVKLAKRLKKEKVNVDIINFGEEEVNTEK,0
O35226,163,FGEEEVNTEKLTAFVNTLNGKDGTGSHLVTVPPGPSLADAL,0
O35226,262,SAAEAGIATPGTEDSDDALLKMTINQQEFGRPGLPDLSSMT,0
O35226,320,FSQESADMDASSAMDTSDPVKEEDDYDVMQDPEFLQSVLEN,0
O35226,364,VDPNNAAIRSVMGALASQATKDGKNDKKEEEKKXXXXXXXX,0
O35639,29,RGTIKDYPGFSPSVDAEAIRKAIRGLGTDEKTLINILTERS,0
O35639,58,EKTLINILTERSNAQRQLIVKQYQAAYEQELKDDLKGDLSG,0
O35639,97,SGHFEHVMVALVTAPALFDAKQLKKSMKGTGTDEDALIEIL,0
O35639,137,LTTRSSRQMKEISQAYYTVYKKSLGDDISSETSGDFRKALL,0
O35639,210,WGTDEDKFTEVLCLRSFPQLKLTFDEYRNISQKDIEDSIKG,0
O35685,39,QQHEGGVQELVNTFFSFLRRKTDFFIGGEEGMAEKLITQTF,0
O35685,68,EGMAEKLITQTFNHHNQLAQKARREKRARQETERREKAERA,0
O35685,105,AERAARLAKEAKAETPGPQIKELTDEEAERLQLEIDQKKDA,0
O35685,142,KKDAEDQEAQLKNGSLDSPGKQDAEDEEDEEDEKDKGKLKP,0
O35685,195,WTQTLAELDLAVPFRVSFRLKGKDVVVDIQRRHLRVGLKGQ,0
O35685,228,LRVGLKGQPPVVDGELYNEVKVEESSWLIEDGKVVTVHLEK,0
O35685,309,EKMMYDQRQKSMGLPTSDEQKKQEILKKFMDQHPEMDFSKA,0
O35841,25,EELYRNYGILADATEQVGQHKDAYQVILDGVKGGTKEKRLA,0
O35841,54,GVKGGTKEKRLAAQFIPKFFKHFPELADSAINAQLDLCEDE,0
O35841,84,INAQLDLCEDEDVSIRRQAIKELPQFATGENLPRVADILTQ,0
O35841,126,LQTDDSAEFNLVNNALLSIFKMDAKGTLGGLFSQILQGEDI,0
O35841,158,SQILQGEDIVRERAIKFLSTKLKTLPDEVLTKEVEELILTE,0
O35841,251,DPDCVDRLLQCTRQAVPLFSKNVHSTRFVTYFCEQVLPNLS,0
O35841,288,PNLSTLTTPVEGLDIQLEVLKLLAEMSSFCGDMEKLETNLR,0
O35841,337,YMPLPPEEAENGENAGNEEPKLQFSYVECLLYSFHQLGRKL,0
O35841,369,SFHQLGRKLPDFLTAKLNAEKLKDFKIRLQYFARGLQVYIR,0
O35841,398,QYFARGLQVYIRQLRLALQGKTGEALKTEENKIKVVALKIT,0
O35841,436,KITNNINVLIKDLFHIPPSYKSTVTLSWKPVQKVEIGQKRT,0
O35841,467,QKVEIGQKRTSEDTSSGSPPKKSPGGPKRDARQIYNPPSGK,0
O35864,11,XXXXXXXXXXMAASGSGMAQKTWELANNMQEAQSIDEIYKY,0
O35864,125,TRVNAQAAAYEYMAAYIENAKQVGRLENAIGWYHSHPGYGC,0
O35864,180,QFQEPFVAVVIDPTRTISAGKVNLGAFRTYPKGYKPPDEGP,0
O35864,210,PKGYKPPDEGPSEYQTIPLNKIEDFGVHCKQYYALEVSYFK,0
O35864,244,LEVSYFKSSLDRKLLELLWNKYWVNTLSSSSLLTNADYTTG,0
O35864,295,QSEAQLGRGSFMLGLETHDRKSEDKLAKATRDSCKTTIEAI,0
O54724,47,TQGEARATEEPSGTGSDELIKSDQVNGVLVLSLLDKIIGAV,0
O54724,97,LEERQAEMEGAVQSIQGELSKLGKAHATTSNTVSKLLEKVR,0
O54724,224,SSDEAVEVEEVIEESRAERIKRSGLRRVDDFKKAFSKEKME,0
O54724,256,KAFSKEKMEKTKVRTRENLEKTRLKTKENLEKTRHTLEKRM,0
O54724,291,TLEKRMNKLGTRLVPVERREKLKTSRDKLRKSFTPDHVVYA,0
O54724,328,VVYARSKTAVYKVPPFTFHVKKIREGEVEVLKATEMVEVGP,0
O55128,67,SRGNVPSSELQIYTWMDATLKELTSLVKEVYPEARKKGTHF,0
O55128,97,YPEARKKGTHFNFAIVFMDLKRPGYRVKEIGSTMSGRKGTD,0
O55128,126,IGSTMSGRKGTDDSMTLQSQKFQIGDYLDIAITPPNRAPPS,0
O55142,45,TALLKIEGVYARDETEFYLGKRCAYVYKAKNNTVTPGGKPN,0
O55142,87,TRVIWGKVTRAHGNSGMVRAKFRSNLPAKAIGHRIRVMLYP,0
O70400,22,TTQQIVLQGPGPWGFRLVGGKDFEQPLAISRVTPGSKAAIA,0
O70400,69,LITAIDGEDTSSMTHLEAQNKIKGCADNMTLTVSRSEQKIW,0
O70400,98,TLTVSRSEQKIWSPLVTEEGKRHPYKMNLASEPQEVLHIGS,0
O70400,164,SPTGLYSSENISNFNNAVESKTSASGEEANSRPVVQPHPSG,0
O70400,196,PVVQPHPSGSLIIDKDSEVYKMLQEKQELNEPPKQSTSFLV,0
O70400,292,LRDHHRHPECYVCTDCGINLKQKGHFFVEDQIYCEKHARER,0
O70435,110,DIAREEASNFRSNFGYNIPLKHLADRVAMYVHAYTLYSAVR,0
O70435,168,QLYMIDPSGVSYGYWGCAIGKARQAAKTEIEKLQMKEMTCR,0
O70435,206,TCRDVVKEVAKIIYIVHDEVKDKAFELELSWVGELTKGRHE,0
O70435,238,GELTKGRHEIVPKDIREEAEKYAKESLKEEDESDDDNMXXX,0
O70475,58,NEARINAWNSPTLPIYEPGLKEVVESCRGKNLFFSTNIDDA,0
O70475,149,KSTVPVRAAESIRRIFDANTKPNLNLQVLSNPEFLAEGTAI,0
O70475,190,KDLKNPDRVLIGGDETPEGQKAVRALCAVYEHWVPKEKILT,0
O70475,220,EHWVPKEKILTTNTWSSELSKLAANAFLAQRISSINSISAL,0
O70475,264,TGADVEEVATAIGMDQRIGNKFLKASVGFGGSCFQKDVLNL,0
O70475,329,YQRRRFASRIIDSLFNTVTDKKIAILGFAFKKDTGDTRESS,0
O70475,370,SIYISKYLMDEGAHLHIYDPKVPREQIVVDLSHPGVSADDQ,0
O70475,399,DLSHPGVSADDQVSRLVTISKDPYEACDGAHALVICTEWDM,0
O70475,430,ALVICTEWDMFKELDYERIHKKMLKPAFIFDGRRVLDGLHS,0
O70475,464,VLDGLHSELQTIGFQIETIGKKVSSKRIPYTPGEIPKFSLQ,0
O70503,64,LVGPRLGEWAVVTGGTDGIGKAYAEELAKRGMKIVLISRSQ,0
O70503,155,GMSYEYPEYFLEIPDLDNTIKKLININVLSVCKVTRLVLPG,0
O70503,206,NISSASGMLPVPLLTIYSATKAFVDFFSQCLHEEYKSKGIF,0
O70503,238,EEYKSKGIFVQSVMPYLVATKLAKIQKPTLDKPSAETFVKS,0
O70503,292,YVIHSLMGSINSIMPRWMYFKIIMGFSKSLRNRYLKKRKKN,0
O88342,21,MPYEIKKVFASLPQVERGVSKILGGDPKGDHFLYTNGKCVI,0
O88342,115,KYEYQPFAGKIKDIAWTEDSKRIAVVGEGREKFGAVFLWDT,0
O88342,147,FGAVFLWDTGSSVGEITGHNKVINSVDIKQTRPYRLATGSD,0
O88342,219,PDGNRFATASADGQIFIYDGKTGEKVCALGESKAHDGGIYA,0
O88342,256,GIYAISWSPDSTHLLSASGDKTSKIWDVNVNSVVSTFPMGS,0
O88342,289,VSTFPMGSNVLDQQLGCLWQKDHLLSISLSGYINYLDKNNP,0
O88342,321,INYLDKNNPSKPLRVIKGHSKSIQCLTVHRNGGKSYIYSGS,0
O88342,362,HDGHINYWDSETGENDSFSGKGHTNQVSRMTVNESEQLVSC,0
O88342,436,GPGGYTVVVCIGQIVLLKDQKKCFSIDNPGYEPEVVAVHPG,0
O88342,480,VAVGGTDGNVRVYSILASTLKDEGKLLEAKGPVTDVAYSHD,0
O88342,511,PVTDVAYSHDGAFLAVCDASKVVTVFSVADGYSENNVFYGH,0
O88342,567,FASGGMDMMVYVWTLSDPETKVKIQDAHRLHHVSSLAWLDE,0
O88545,72,WIRMRSQEGRPMQVIGALIGKQEGRNIEVMNSFELLSHTVE,0
O88545,105,ELLSHTVEEKIIIDKEYYYTKEEQFKQVFKELEFLGWYTTG,0
O88545,137,EFLGWYTTGGPPDPSDIHVHKQVCEIIESPLFLKLNPMTKH,0
O88545,271,HEILREAYALCHCLPVLSTDKFKTDFYDQCNDVGLMAYLGT,0
O88545,305,LMAYLGTITKTCNTMNQFVNKFNVLYDRQGIGRRMRGLFFX,0
O88569,13,XXXXXXXXMEKTLETVPLERKKREKEQFRKLFIGGLSFETT,0
O88569,46,GGLSFETTEESLRNYYEQWGKLTDCVVMRDPASKRSRGFGF,0
O88569,94,EVDAAMAARPHSIDGRVVEPKRAVAREESGKPGAHVTVKKL,0
O88569,317,SGSYNDFGNYNQQPSNYGPMKSGNFGGSRNMGGPYGGGNYG,0
P01029,20,XMRLLWGLAWVFSFCASSLQKPRLLLFSPSVVNLGTPLSVG,0
P01029,53,LGTPLSVGVQLLDAPPGQEVKGSVFLRNPKGGSCSPKKDFK,0
P01029,121,RRAPHIQLVAQSPWLRNTAFKATETQGVNLLFSSRRGHIFV,0
P01029,164,DQPIYNPGQRVRYRVFALDQKMRPSTDFLTITVENSHGLRV,0
P01029,212,STSIFQDAFTIPDISEPGTWKISARFSDGLESNRSTHFEVK,0
P01029,242,ESNRSTHFEVKKYVLPNFEVKITPWKPYILMVPSNSDEIQL,0
P01029,272,MVPSNSDEIQLDIQARYIYGKPVQGVAYTRFALMDEQGKRT,0
P01029,302,FALMDEQGKRTFLRGLETQAKLVEGRTHISISKDQFQAALD,0
P01029,373,AELTSWRFVSSAFSLDLSRTKRHLVPGAHFLLQALVQEMSG,0
P01029,402,FLLQALVQEMSGSEASNVPVKVSATLVSGSDSQVLDIQQST,0
P01029,522,HYYYMIISRGQIMAMGREPRKTVTSVSVLVDHQLAPSFYFV,0
P01029,568,QGHPVANSLLINIQSRDCEGKLQLKVDGAKEYRNADMMKLR,0
P01029,615,ALVALGAVDMALYAVGGRSHKPLDMSKVFEVINSYNVGCGP,0
P01029,669,GLAFSDGDRLTQTREDLSCPKEKKSRQKRNVNFQKAVSEKL,0
P01029,698,NVNFQKAVSEKLGQYSSPDAKRCCQDGMTKLPMKRTCEQRA,0
P01029,735,EQRAARVPQQACREPFLSCCKFAEDLRRNQTRSQAHLARNN,0
P01029,791,LVRTSFPENWLWRVEPVDSSKLLTVWLPDSMTTWEIHGVSL,0
P01029,821,MTTWEIHGVSLSKSKGLCVAKPTRVRVFRKFHLHLRLPISI,0
P01029,910,GSARPVAFSVVPTAAANVPLKVVARGVFDLGDAVSKILQIE,0
P01029,1032,IYLAPTLTASNYLDRTEQWSKLSPETKDHAVDLIQKGYMRI,0
P01029,1080,GSFGAWLHRDSSTWLTAFVLKILSLAQEQVGNSPEKLQETA,0
P01029,1158,TAFVVIALHHGLDVFQDDDAKQLKNRVEASITKANSFLGQK,0
P01029,1200,SAGLLGAHAAAITAYALTLTKASEDLRNVAHNSLMAMAEET,0
P01029,1235,AMAEETGEHLYWGLVLGSQDKVVLRPTAPRSPTEPVPQAPA,0
P01029,1274,PALWIETTAYALLHLLLREGKGKMADKAASWLTHQGSFHGA,0
P01029,1321,TVVTLDALSAYWIASHTTEEKALNVTLSSMGRNGLKTHGLH,0
P01029,1355,LKTHGLHLNNHQVKGLEEELKFSLGSTISVKVEGNSKGTLK,0
P01029,1386,VEGNSKGTLKILRTYNVLDMKNTTCQDLQIEVKVTGAVEYA,0
P01029,1451,PVTPLQLFEGRRSRRRREAPKVVEEQESRVQYTVCIWRNGK,0
P01029,1559,VVGLVQPSSAVLYDYYSPDHKCSVFYAAPTKSQLLATLCSG,0
P01029,1588,TKSQLLATLCSGDVCQCAEGKCPRLLRSLERRVEDKDGYRM,0
P01029,1624,DGYRMRFACYYPRVEYGFTVKVLREDGRAAFRLFESKITQV,0
P01029,1675,IGQTRNFLSRASCRLRLEPNKEYLIMGMDGETSDNKGDPQY,0
P01029,1713,PQYLLDSNTWIEEMPSEQMCKSTRHRAACFQLKDFLMEFSS,0
P02468,85,NTCGTPPEEYCVQTGVTGVTKSCHLCDAGQQHLQHGAAFLT,0
P02468,139,QTMLAGVQYPNSINLTLHLGKAFDITYVRLKFHTSRPESFA,0
P02468,186,EDGPWIPYQYYSGSCENTYSKANRGFIRTGGDEQQALCTDE,0
P02468,266,DIRVTLNRLNTFGDEVFNEPKVLKSYYYAISDFAVGGRCKC,0
P02468,295,ISDFAVGGRCKCNGHASECVKNEFDKLMCNCKHNTYGVDCE,0
P02468,376,YRSTGHGGHCTNCRDNTDGAKCERCRENFFRLGNTEACSPC,0
P02468,417,HCSPVGSLSTQCDSYGRCSCKPGVMGDKCDRCQPGFHSLTE,0
P02468,488,EGFNCERCKPGFFNLESSNPKGCTPCFCFGHSSVCTNAVGY,0
P02468,562,RQDIAVISDSYFPRYFIAPVKFLGNQVLSYGQNLSFSFRVD,0
P02468,620,LRVSVPLIAQGNSYPSETTVKYIFRLHEATDYPWRPALSPF,0
P02468,653,WRPALSPFEFQKLLNNLTSIKIRGTYSERTAGYLDDVTLQS,0
P02468,751,CDPETGVCDCRDNTAGPHCEKCSDGYYGDSTLGTSSDCQPC,0
P02468,784,TSSDCQPCPCPGGSSCAIVPKTKEVVCTHCPTGTAGKRCEL,0
P02468,849,NDNIDPNAVGNCNRLTGECLKCIYNTAGFYCDRCKEGFFGN,0
P02468,880,DRCKEGFFGNPLAPNPADKCKACACNPYGTVQQQSSCNPVT,0
P02468,979,TGQHCERCETNHFGFGPEGCKPCDCHHEGSLSLQCKDDGRC,0
P02468,1037,YFYNRSWPGCQECPACYRLVKDKAAEHRVKLQELESLIANL,0
P02468,1074,IANLGTGDDMVTDQAFEDRLKEAEREVTDLLREAQEVKDVD,0
P02468,1152,ARSRVESTEQLIEIASRELEKAKMAAANVSITQPESTGEPN,0
P02468,1189,GEPNNMTLLAEEARRLAERHKQEADDIVRVAKTANETSAEA,0
P02468,1233,LLRTLAGENQTALEIEELNRKYEQAKNISQDLEKQAARVHE,0
P02468,1344,EKGKAEQQTADQLLARADAAKALAEEAAKKGRSTLQEANDI,0
P02468,1379,QEANDILNNLKDFDRRVNDNKTAAEEALRRIPAINRTIAEA,0
P02468,1421,EKTREAQLALGNAAADATEAKNKAHEAERIASAVQKNATST,0
P02468,1474,DLDNEVNGMLRQLEEAENELKRKQDDADQDMMMAGMASQAA,0
P02468,1503,DMMMAGMASQAAQEAELNARKAKNSVSSLLSQLNNLLDQLG,0
P02468,1532,LSQLNNLLDQLGQLDTVDLNKLNEIEGSLNKAKDEMKASDL,0
P02468,1565,DEMKASDLDRKVSDLESEARKQEAAIMDYNRDIAEIIKDIH,0
P02469,49,GCAEGSCYPATGDLLIGRAQKLSVTSTCGLHKPEPYCIVSH,0
P02469,109,LNPDSHLIENVVTTFAPNRLKIWWQSENGVENVTIQLDLEA,0
P02469,141,VTIQLDLEAEFHFTHLIMTFKTFRPAAMLIERSSDFGKAWG,0
P02469,183,YRYFAYDCESSFPGISTGPMKKVDDIICDSRYSDIEPSTEG,0
P02469,215,SDIEPSTEGEVIFRALDPAFKIEDPYSPRIQNLLKITNLRI,0
P02469,257,FVKLHTLGDNLLDSRMEIREKYYYAVYDMVVRGNCFCYGHA,0
P02469,305,GVNEEVEGMVHGHCMCRHNTKGLNCELCMDFYHDLPWRPAE,0
P02469,334,DFYHDLPWRPAEGRNSNACKKCNCNEHSSSCHFDMAVFLAT,0
P02469,378,SGGVCDNCQHNTMGRNCEQCKPFYFQHPERDIRDPNLCEPC,0
P02469,429,GICDGYTDFSVGLIAGQCRCKLHVEGERCDVCKEGFYDLSA,0
P02469,482,PLGTIPGGNPCDSETGYCYCKRLVTGQRCDQCLPQHWGLSN,0
P02469,626,YSMEYEILIRYEPQLPDHWEKAVITVQRPGKIPASSRCGNT,0
P02469,674,VVSLSPGSRYVVLPRPVCFEKGMNYTVRLELPQYTASGSDV,0
P02469,711,GSDVESPYTFIDSLVLMPYCKSLDIFTVGGSGDGEVTNSAW,0
P02469,748,NSAWETFQRYRCLENSRSVVKTPMTDVCRNIIFSISALIHQ,0
P02469,1027,DHCQLCQYGYYGDALRQDCRKCVCNYLGTVKEHCNGSDCHC,0
P02469,1244,EKKVNEIKDILAQSPAAEPLKNIGILFEEAEKLTKDVTEKM,0
P02469,1297,QSNSTAGELGALQAEAESLDKTVKELAEQLEFIKNSDIQGA,0
P02469,1333,DIQGALDSITKYFQMSLEAEKRVNASTTDPNSTVEQSALTR,0
P02469,1368,QSALTRDRVEDLMLERESPFKEQQEEQARLLDELAGKLQSL,0
P02469,1423,GADCSESECGGPNCRTDEGEKKCGGPGCGGLVTVAHSAWQK,0
P02469,1463,KAMDFDRDVLSALAEVEQLSKMVSEAKVRADEAKQNAQDVL,0
P02469,1492,ADEAKQNAQDVLLKTNATKEKVDKSNEDLRNLIKQIRNFLT,0
P02469,1530,FLTEDSADLDSIEAVANEVLKMEMPSTPQQLQNLTEDIRER,0
P02469,1650,IESETAASEETLTNASQRISKLERNVEELKRKAAQNSGEAE,0
P02469,1680,RKAAQNSGEAEYIEKVVYSVKQNADDVKKTLDGELDEKYKK,0
P02469,1773,YLEDKAQELVRLEGEVRSLLKDISEKVAVYSTCLXXXXXXX,0
P05064,87,DDRVNPCIGGVILFHETLYQKADDGRPFPQVIKSKGGVVGI,0
P05064,139,TNGETTTQGLDGLSERCAQYKKDGADFAKWRCVLKIGEHTP,0
P05064,200,QNGIVPIVEPEILPDGDHDLKRCQYVTEKVLAAVYKALSDH,0
P05064,342,KAAQEEYIKRALANSLACQGKYTPSGQSGAAASESLFISNH,0
P05213,96,DEVRTGTYRQLFHPEQLITGKEDAANNYARGHYTIGKEIID,0
P05213,163,GGTGSGFTSLLMERLSVDYGKKSKLEFSIYPAPQVSTAVVE,0
P05213,280,VPYPRIHFPLATYAPVISAEKAYHEQLSVAEITNACFEPAN,0
P05213,352,IATIKTKRSIQFVDWCPTGFKVGINYQPPTVVPGGDLAKVQ,0
P05213,430,GEGMEEGEFSEAREDMAALEKDYEEVGVDSVEGEGEEEGEE,0
P06151,22,ATLKDQLIVNLLKEEQAPQNKITVVGVGAVGMACAISILMK,0
P06151,57,ISILMKDLADELALVDVMEDKLKGEMMDLQHGSLFLKTPKI,0
P06151,155,IVSNPVDILTYVAWKISGFPKNRVIGSGCNLDSARFRYLMG,0
P06151,212,EHGDSSVPVWSGVNVAGVSLKSLNPELGTDADKEQWKEVHK,0
P06151,243,DKEQWKEVHKQVVDSAYEVIKLKGYTSWAIGLSVADLAESI,0
P06151,278,DLAESIMKNLRRVHPISTMIKGLYGINEDVFLSVPCILGQN,0
P06151,317,QNGISDVVKVTLTPEEEARLKKSADTLWGIQKELQFXXXXX,0
P06745,89,VELAKSRGVEAARDNMFSGSKINYTENRAVLHVALRNRSNT,0
P06745,128,NTPIKVDGKDVMPEVNRVLDKMKSFCQRVRSGDWKGYTGKS,0
P06745,172,IINIGIGGSDLGPLMVTEALKPYSKGGPRVWFVSNIDGTHI,0
P06745,211,HIAKTLASLSPETSLFIIASKTFTTQETITNAETAKEWFLE,0
P06745,241,NAETAKEWFLEAAKDPSAVAKHFVALSTNTAKVKEFGIDPQ,0
P06745,309,GFDHFEQLLSGAHWMDQHFLKTPLEKNAPVLLALLGIWYIN,0
P06745,362,DQYMHRFAAYFQQGDMESNGKYITKSGARVDHQTGPIVWGE,0
P06745,400,WGEPGTNGQHAFYQLIHQGTKMIPCDFLIPVQTQHPIRKGL,0
P06745,438,KGLHHKILLANFLAQTEALMKGKLPEEARKELQAAGKSPED,0
P06745,481,KLLPHKVFEGNRPTNSIVFTKLTPFILGALIAMYEHKIFVQ,0
P06745,519,FVQGIMWDINSFDQWGVELGKQLAKKIEPELEGSSAVTSHD,0
P07091,18,XXXMARPLEEALDVIVSTFHKYSGKEGDKFKLNKTELKELL,0
P07356,28,LCKLSLEGDHSTPPSAYGSVKPYTNFDAERDALNIETAVKT,0
P07356,88,RQDIAFAYQRRTKKELPSALKSALSGHLETVILGLLKTPAQ,0
P07356,169,EMYKTDLEKDIISDTSGDFRKLMVALAKGRRAEDGSVIDYE,0
P07901,41,AFQAEIAQLMSLIINTFYSNKEIFLRELISNSSDALDKIRY,0
P07901,100,LIPSKQDRTLTIVDTGIGMTKADLINNLGTIAKSGTKAFME,0
P07901,147,DISMIGQFGVGFYSAYLVAEKVTVITKHNDDEQYAWESSAG,0
P07901,224,KEIVKKHSQFIGYPITLFVEKERDKEVSDDEAEEKEEKEEE,0
P07901,255,AEEKEEKEEEKEKEEKESDDKPEIEDVGSDEEEEEKKDGDK,0
P07901,315,KPIWTRNPDDITNEEYGEFYKSLTNDWEEHLAVKHFSVEGQ,0
P07901,479,KLSELLRYYTSASGDEMVSLKDYCTRMKENQKHIYFITGET,0
P07901,514,FITGETKDQVANSAFVERLRKHGLEVIYMIEPIDEYCVQQL,0
P07901,650,AAKKHLEINPDHSIIETLRQKAEADKNDKSVKDLVILLYET,0
P07901,694,SSGFSLEDPQTHANRIYRMIKLGLGIDEDDPTVDDTSAAVT,0
P08003,52,SDTENATEEEEEEDDDDLEVKEENGVWVLNDGNFDNFVADK,0
P08003,88,FVADKDTVLLEFYAPWCGHCKQFAPEYEKIASTLKDNDPPI,0
P08003,124,NDPPIAVAKIDATSASMLASKFDVSGYPTIKILKKGQAVDY,0
P08003,156,LKKGQAVDYDGSRTQEEIVAKVREVSQPDWTPPPEVTLSLT,0
P08003,265,YPTLKIFRKGRPFDYNGPREKYGIVDYMIEQSGPPSKEILT,0
P08003,294,EQSGPPSKEILTLKQVQEFLKDGDDVVIIGLFQGDGDPAYL,0
P08003,379,KYEPRFHVMDVQGSTEASAIKDYVVKHALPLVGHRKTSNDA,0
P08003,430,VYYSVDFSFDYRAATQFWRNKVLEVAKDFPEYTFAIADEED,0
P08003,477,DLGLSESGEDVNAAILDESGKKFAMEPEEFDSDTLREFVTA,0
P08003,508,SDTLREFVTAFKKGKLKPVIKSQPVPKNNKGPVKVVVGKTF,0
P08003,564,YAPWCGHCKQLEPIYTSLGKKYKGQKDLVIAKMDATANDIT,0
P08030,34,RSFPDFPIPGVLFRDISPLLKDPDSFRASIRLLASHLKSTH,0
P08030,88,GFLFGPSLAQELGVGCVLIRKQGKLPGPTVSASYSLEYGKA,0
P08030,163,LHQLRAEVVECVSLVELTSLKGRERLGPIPFFSLLQYDXXX,0
P08113,37,GFVRADDEVDVDGTVEEDLGKSREGSRTDDEVVQREEEAIQ,0
P08113,135,IRLISLTDENALAGNEELTVKIKCDKEKNLLHVTDTGVGMT,0
P08113,177,EELVKNLGTIAKSGTSEFLNKMTEAQEDGQSTSELIGQFGV,0
P08113,252,VIADPRGNTLGRGTTITLVLKEEASDYLELDTIKNLVRKYS,0
P08113,300,YVWSSKTETVEEPLEEDEAAKEEKEESDDEAAVEEEEEEKK,0
P08113,340,KPKTKKVEKTVWDWELMNDIKPIWQRPSKEVEEDEYKAFYK,0
P08113,384,KESDDPMAYIHFTAEGEVTFKSILFVPTSAPRGLFDEYGSK,0
P08113,428,YIKLYVRRVFITDDFHDMMPKYLNFVKGVVDSDDLPLNVSR,0
P08113,508,FGTNIKLGVIEDHSNRTRLAKLLRFQSSHHSTDITSLDQYV,0
P08113,537,HSTDITSLDQYVERMKEKQDKIYFMAGSSRKEAESSPFVER,0
P08113,628,REATEKEFEPLLNWMKDKALKDKIEKAVVSQRLTESPCALV,0
P08113,682,MKAQAYQTGKDISTNYYASQKKTFEINPRHPLIRDMLRRIK,0
P08113,733,LAVVLFETATLRSGYLLPDTKAYGDRIERMLRLSLNIDPEA,0
P08113,794,EQDEGEEMDAGTEEEEEETEKESTEKDELXXXXXXXXXXXX,0
P08207,23,SQMEHAMETMMLTFHRFAGDKDHLTKEDLRVLMEREFPGFL,0
P08249,26,ARPAGAALRRSFSTSAQNNAKVAVLGASGGIGQPLSLLLKN,0
P08249,78,IAHTPGVAADLSHIETRANVKGYLGPEQLPDCLKGCDVVVI,0
P08249,156,MVCIIANPVNSTIPITAEVFKKHGVYNPNKIFGVTTLDIVR,0
P08249,215,PVIGGHAGKTIIPLISQCTPKVDFPQDQLATLTGRIQEAGT,0
P08249,269,LSMAYAGARFVFSLVDAMNGKEGVVECSFVQSKETECTYFS,0
P09103,32,AWAARVGADALEEEDNVLVLKKSNFEEALAAHKYLLVEFYA,0
P09103,83,PEYAKAAAKLKAEGSEIRLAKVDATEESDLAQQYGVRGYPT,0
P09103,116,YGVRGYPTIKFFKNGDTASPKEYTAGREADDIVNWLKKRTG,0
P09103,164,DTAAAESLVDSSEVTVIGFFKDVESDSAKQFLLAAEAIDDI,0
P09103,310,FIFIDSDHTDNQRILEFFGLKKEECPAVRLITLEEEMTKYK,0
P09103,340,ITLEEEMTKYKPESDELTAEKITEFCHRFLEGKIKPHLMSQ,0
P09103,372,KIKPHLMSQEVPEDWDKQPVKVLVGANFEEVAFDEKKNVFV,0
P09405,16,XXXXXMVKLAKAGKTHGEAKKMAPPPKEVEEDSEDEEMSED,0
P09405,51,EEMSEDEDDSSGEEEVVIPQKKGKKATTTPAKKVVVSQTKK,0
P09405,80,PAKKVVVSQTKKAAVPTPAKKAAVTPGKKAVATPAKKNITP,0
P09405,132,AAQAKALVPTPGKKGAATPAKGAKNGKNAKKEDSDEDEDEE,0
P09405,175,DDSDEDEDDEEEDEFEPPIVKGVKPAKAAPAAPASEDEEDD,0
P09405,235,EVMEITTAKGKKTPAKVVPMKAKSVAEEEDDEEEDEDDEDE,0
P09405,276,DDEEEDDEDDDEEEEEEEPVKAAPGKRKKEMTKQKEAPEAK,0
P09405,320,VEGSEPTTPFNLFIGNLNPNKSVNELKFAISELFAKNDLAV,0
P09405,350,SELFAKNDLAVVDVRTGTNRKFGYVDFESAEDLEKALELTG,0
P09405,469,EEKQGAEIDGRSVSLYYTGEKGQRQERTGKTSTWSGESKTL,0
P09405,500,STWSGESKTLVLSNLSYSATKETLEEVFEKATFIKVPQNPH,0
P09405,586,QPSKTLFVKGLSEDTTEETLKESFEGSVRARIVTDRETGSS,0
P09405,621,RETGSSKGFGFVDFNSEEDAKAAKEAMEDGEIDGNKVTLDW,0
P09411,184,DAFGTAHRAHSSMVGVNLPQKAGGFLMKKELNYFAKALESP,0
P09411,264,FLKVLNNMEIGTSLYDEEGAKIVKDLMSKAEKNGVKITLPV,0
P09411,297,GVKITLPVDFVTADKFDENAKTGQATVASGIPAGWMGLDCG,0
P09411,382,ATSRGCITIIGGGDTATCCAKWNTEDKVSHVSTGGGASLEL,0
P10107,26,EFLKQARFLENQEQEYVQAVKSYKGGPGSAVSPYPSFNVSS,0
P10107,332,KVFYQKKYGISLCQAILDETKGDYEKILVALCGGNXXXXXX,0
P10126,79,VLDKLKAERERGITIDISLWKFETSKYYVTIIDAPGHRDFI,0
P10126,179,EPPYSQKRYEEIVKEVSTYIKKIGYNPDTVAFVPISGWNGD,0
P10126,212,PISGWNGDNMLEPSANMPWFKGWKVTRKDGSASGTTLLEAL,0
P10126,244,SGTTLLEALDCILPPTRPTDKPLRLPLQDVYKIGGIGTVPV,0
P10126,273,VYKIGGIGTVPVGRVETGVLKPGMVVTFAPVNVTTEVKSVE,0
P10126,313,EMHHEALSEALPGDNVGFNVKNVSVKDVRRGNVAGDSKNDP,0
P10126,439,PPLGRFAVRDMRQTVAVGVIKAVDKKAAGAGKVTKSAQKAQ,0
P10639,21,MVKLIESKEAFQEALAAAGDKLVVVDFSATWCGPCKMIKPF,0
P10649,83,LIDGSHKITQSNAILRYLARKHHLDGETEEERIRADIVENQ,0
P10649,173,VTYVDFLAYDILDQYRMFEPKCLDAFPNLRDFLARFEGLKK,0
P10852,21,MSQDTEVDMKDVELNELEPEKQPMNAADGAAAGEKNGLVKI,0
P10852,114,VVIIVRAPRCRELPVQRWWHKGALYRIGDLQAFVGRDAGGI,0
P10852,148,GRDAGGIAGLKSHLEYLSTLKVKGLVLGPIHKNQKDEINET,0
P10852,184,EINETDLKQINPTLGSQEDFKDLLQSAKKKSIHIILDLTPN,0
P10852,223,PNYQGQNAWFLPAQADIVATKMKEALSSWLQDGVDGFQFRD,0
P10852,262,RDVGKLMNAPLYLAEWQNITKNLSEDRLLIAGTESSDLQQI,0
P10852,378,PVFSYGDELGLQGALPGQPAKAPLMPWNESSIFHIPRPVSL,0
P10852,425,QNEDPGSLLTQFRRLSDLRGKERSLLHGDFHALSSSPDLFS,0
P10852,487,RSARLGASNLPAGISLPASAKLLLSTDSARQSREEDTSLKL,0
P10922,14,XXXXXXXMTENSTSAPAAKPKRAKASKKSTDHPKYSDMIVA,0
P10922,108,GASGSFRLAKGDEPKRSVAFKKTKKEVKKVATPKKAAKPKK,0
P10922,155,SKKPKATPVKKAKKKPAATPKKAKKPKVVKVKPVKASKPKK,0
P11276,29,RLLLLAVLCLGTSVRCTEAGKSKRQAQQIVQPQSPVAVSQS,0
P11276,58,VQPQSPVAVSQSKPGCFDNGKHYQINQQWERTYLGNALVCT,0
P11276,91,LGNALVCTCYGGSRGFNCESKPEPEETCFDKYTGNTYKVGD,0
P11276,150,GRGRISCTIANRCHEGGQSYKIGDKWRRPHETGGYMLECLC,0
P11276,204,AEKCFDHAAGTSYVVGETWEKPYQGWMMVDCTCLGEGNGRI,0
P11276,249,RNRCNDQDTRTSYRIGDTWSKKDNRGNLLQCVCTGNGRGEW,0
P11276,324,PYGHCVTDSGVVYSVGMQWLKSQGNKQMLCTCLGNGVSCQE,0
P11276,397,EGRQDGHLWCSTTSNYEQDQKYSFCTDHAVLVQTRGGNSNG,0
P11276,444,FLYNNRNYTDCTSEGRRDNMKWCGTTQNYDADQKFGFCPMA,0
P11276,533,QLRDQCIVDDITYNVNDTFHKRHEEGHMLNCTCFGQGRGRW,0
P11276,640,PSQPNSHPIQWNAPEPSHITKYILRWRPKTSTGRWKEATIP,0
P11276,669,TSTGRWKEATIPGHLNSYTIKGLTPGVIYEGQLISIQQYGH,0
P11276,784,YLDLPSTATSVNIPDLLPGRKYIVNVYQISEEGKQSLILST,0
P11276,921,PRSDNVPPPTDLQFVELTDVKVTIMWTPPDSVVSGYRVEVL,0
P11276,975,VNRNTFAEITGLSPGVTYLFKVFAVHQGRESNPLTAQQTTK,0
P11276,1250,SCTFENLNPGLEYNVSVYTVKDDKESAPISDTVVPEVPQLT,0
P11276,1396,TWAPPPSIELTNLLVRYSPVKNEEDVAELSISPSDNAVVLT,0
P11276,1445,LVSVSSVYEQHESIPLRGRQKTGLDSPTGFDSSDITANSFT,0
P11276,1599,SPVQEFTVPGSKSTATINNIKPGADYTITLYAVTGRGDSPA,0
P11276,1629,YAVTGRGDSPASSKPVSINYKTEIDKPSQMQVTDVQDNSIS,0
P11276,1669,SVRWLPSTSPVTGYRVTTTPKNGLGPSKTKTASPDQTEMTI,0
P11276,1726,NRNGESQPLVQTAVTNIDRPKGLAFTDVDVDSIKIAWESPQ,0
P11276,1819,MESQPLIGIQSTAIPAPTNLKFSQVTPTSFTAQWIAPSVQL,0
P11276,1849,TAQWIAPSVQLTGYRVRVNPKEKTGPMKEINLSPDSSSVIV,0
P11276,1886,SVIVSGLMVATKYEVSVYALKDTLTSRPAQGVITTLENVSP,0
P11276,1927,PRRARVTDATETTITISWRTKTETITGFQVDAIPANGQTPV,0
P11276,1970,SISPDVRSYTITGLQPGTDYKIHLYTLNDNARSSPVIIDAS,0
P11276,2026,PNSLLVSWQAPRARITGYIIKYEKPGSPPREVVPRPRPGVT,0
P11276,2067,EATITGLEPGTEYTIYVIALKNNQKSEPLIGRKKTDELPQL,0
P11276,2109,TLPHPNLHGPEILDVPSTVQKTPFITNPGYDTENGIQLPGT,0
P11276,2272,LTRGVTYNIIVEALQNQRRHKVREEVVTVGNAVSEGLNQPT,0
P11276,2320,YTVSHYAIGEEWERLSDAGFKLTCQCLGFGSGHFRCDSSKW,0
P11276,2373,KWDRQGENGQRMSCTCLGNGKGEFKCDPHEATCYDDGKTYH,0
P11440,20,XMEDYIKIEKIGEGTYGVVYKGRHRVTGQIVAMKKIRLESE,0
P11440,56,RLESEEEGVPSTAIREISLLKELRHPNIVSLQDVLMQDSRL,0
P11440,88,DVLMQDSRLYLIFEFLSMDLKKYLDSIPPGQFMDSSLVKSY,0
P11440,200,RYSTPVDIWSIGTIFAELATKKPLFHGDSEIDQLFRIFRAL,0
P11440,238,RALGTPNNEVWPEVESLQDYKNTFPKWKPGSLASHVKNLDE,0
P11440,274,KNLDENGLDLLSKMLVYDPAKRISGKMALKHPYFDDLDNQI,0
P11983,33,TGEAVRSQNVMAAASIANIVKSSFGPVGLDKMLVDDIGDVT,0
P11983,102,QDKEVGDGTTSVVIIAAELLKNADELVKQKIHPTSVISGYR,0
P11983,153,NENLIINTDELGRDCLINAAKTSMSSKIIGINGDYFANMVV,0
P11983,199,VKYTDARGQPRYPVNSVNILKAHGRSQIESMLINGYALNCV,0
P11983,272,VVITDPEKLDQIRQRESDITKERIQKILATGANVILTTGGI,0
P11983,313,DDMYLKYFVEAGAMAVRRVLKRDLKHVAKASGASILSTLAN,0
P11983,365,LGQAEEVVQERICDDELILIKNTKARTSASIILRGANDFMC,0
P11983,400,ANDFMCDEMERSLHDALCVVKRVLELKSVVPGGGAVEAALS,0
P12382,16,XXXXXMATVDLEKLRMSGAGKAIGVLTSGGDAQGMNAAVRA,0
P12382,47,AQGMNAAVRAVTRMGIYVGAKVFLIYEGYEGLVEGGENIKP,0
P12382,90,WLSVSNIIQLGGTIIGSARCKAFTTREGRLAAAYNLLQHGI,0
P12382,141,SLTGANIFRNEWGSLLEELVKEGKISESTAQNYAHLTIAGL,0
P12382,272,SRGSRLNIIIIAEGAIDRHGKPISSSYVKDLVVQRLGFDTR,0
P12382,315,VLGHVQRGGTPSAFDRILSSKMGMEAVMALLEATPDTPACV,0
P12382,356,VSLSGNQSVRLPLMECVQVTKDVQKAMDEERFDEAIQLRGR,0
P12382,386,RFDEAIQLRGRSFENNWKIYKLLAHQKVSKEKSNFSLAILN,0
P12382,444,TGISEGHTVYIVHDGFEGLAKGQVQEVGWHDVAGWLGRGGS,0
P12382,474,DVAGWLGRGGSMLGTKRTLPKPHLEAIVENLRTYNIHALLV,0
P12382,556,DFSLGSDTAVNAAMESCDRIKQSASGTKRRVFIVETMGGYC,0
P12382,605,IAVGADAAYVFEDPFNIHDLKANVEHMTEKMKTDIQRGLVL,0
P12382,726,SACVIGLRKKVVAFSPVTELKKETDFEHRMPREQWWLNLRL,0
P12970,20,XMPKGKKAKGKKVAPAPAVVKKQEAKKVVNPLFEKRPKNFG,0
P12970,56,PKNFGIGQDIQPKRDLTRFVKWPRYIRLQRQRAILYKRLKV,0
P12970,131,KQRLLARAEKKAAGKGDVPTKRPPVLRAGVNTVTTLVENKK,0
P12970,176,VIAHDVDPIELVVFLPALCRKMGVPYCIIKGKARLGHLVHR,0
P13011,33,YSATTTITAPPSGGQQNGGEKFEKSSHHWGADVRPELKDDL,0
P13011,67,PELKDDLYDPTYQDDEGPPPKLEYVWRNIILMALLHLGALY,0
P13011,96,ILMALLHLGALYGITLVPSCKLYTCLFAYLYYVISALGITA,0
P13011,128,VISALGITAGAHRLWSHRTYKARLPLRLFLIIANTMAFQND,0
P13011,161,NTMAFQNDVYEWARDHRAHHKFSETHADPHNSRRGFFFSHV,0
P13011,277,LNATWLVNSAAHLYGYRPYDKNISSRENILVSMGAVGEGFH,0
P13011,336,INFTTFFIDCMALLGLAYDRKRVSRAAVLARIKRTGDGSCK,0
P13020,59,QSRVSEARPSTMVVEHPEFLKAGKEPGLQIWRVEKFDLVPV,0
P13020,97,VPVPPNLYGDFFTGDAYVILKTVQLRNGNLQYDLHYWLGNE,0
P13020,160,RAVQHREVQGFESSTFSGYFKSGLKYKKGGVASGFKHVVPN,0
P13020,191,ASGFKHVVPNEVVVQRLFQVKGRRVVRATEVPVSWDSFNNG,0
P13020,275,QVHVSEEGGEPEAMLQVLGPKPALPEGTEDTAKEDAANRRL,0
P13020,445,LHTSTAMAAQHGMDDDGTGQKQIWRIEGSNKVPVDPATYGQ,0
P13020,528,TAQLDEELGGTPVQSRVVQGKEPAHLMSLFGGKPMIIYKGG,0
P13020,582,RLFQVRASSSGATRAVEVMPKSGALNSNDAFVLKTPSAAYL,0
P13020,613,VLKTPSAAYLWVGAGASEAEKTGAQELLKVLRSQHVQVEEG,0
P13020,656,PDAFWEALGGKTAYRTSPRLKDKKMDAHPPRLFACSNRIGR,0
P13020,711,LATDDVMLLDTWDQVFVWVGKDSQEEEKTEALTSAKRYIET,0
P14115,77,GMRHYHLKRNQSFCPTVNLDKLWTLVSEQTRVNAAKNKTGV,0
P14115,110,AAKNKTGVAPIIDVVRSGYYKVLGKGKLPKQPVIVKAKFFS,0
P14131,16,XXXXXMPSKGPLQSVQVFGRKKTATAVAHCKRGNGLIKVNG,0
P14131,50,GLIKVNGRPLEMIEPRTLQYKLLEPVLLLGKERFAGVDIRV,0
P14152,32,AAGQIAYSLLYSIGNGSVFGKDQPIILVLLDITPMMGVLDG,0
P14152,73,VLMELQDCALPLLQDVIATDKEEIAFKDLDVAVLVGSMPRR,0
P14152,103,VAVLVGSMPRREGMERKDLLKANVKIFKSQGTALEKYAKKS,0
P14152,199,KNVIIWGNHSSTQYPDVNHAKVKLQGKEVGVYEALKDDSWL,0
P14152,236,DSWLKGEFITTVQQRGAAVIKARKLSSAMSAAKAIADHIRD,0
P14152,293,SDGNSYGVPDDLLYSFPVVIKNKTWKFVEGLPINDFSREKM,0
P14206,17,XXXXMSGALDVLQMKEEDVLKFLAAGTHLGGTNLDFQMEQY,0
P14206,166,ALCNTDSPLRYVDIAIPCNNKGAHSVGLMWWMLAREVLRMR,0
P14206,212,EHPWEVMPDLYFYRDPEEIEKEEQAAAEKAVTKEEFQGEWT,0
P14211,24,SVPLLLGLLGLAAADPAIYFKEQFLDGDAWTNRWVESKHKS,0
P14211,142,MHGDSEYNIMFGPDICGPGTKKVHVIFNYKGKNVLINKDIR,0
P14211,185,DDEFTHLYTLIVRPDNTYEVKIDNSQVESGSLEDDWDFLPP,0
P14211,215,SLEDDWDFLPPKKIKDPDAAKPEDWDERAKIDDPTDSKPED,0
P14211,272,DWDEEMDGEWEPPVIQNPEYKGEWKPRQIDNPDYKGTWIHP,0
P14211,322,DANIYAYDSFAVLGLDLWQVKSGTIFDNFLITNDEAYAEEF,0
P14211,351,LITNDEAYAEEFGNETWGVTKAAEKQMKDKQDEEQRLKEEE,0
P14733,192,AQLEASLSAAKKQLADETLLKVDLENRCQSLTEDLEFRKNM,0
P14733,223,TEDLEFRKNMYEEEINETRRKHETRLVEVDSGRQIEYEYKL,0
P14733,313,ELMESRMRIESLSSQLSNLQKESRACLERIQELEDMLAKER,0
P14733,368,AEIRDQMQQQLSDYEQLLDVKLALDMEISAYRKLLEGEEER,0
P14733,416,SSRVTVSRASSSRSVRTTRGKRKRVDVEESEASSSVSISHS,0
P14733,475,IRLKNTSEQDQPMGGWEMIRKIGDTSVSYKYTSRYVLKAGQ,0
P14733,517,VTVWAANAGVTASPPTDLIWKNQNSWGTGEDVKVILKNSQG,0
P14733,548,VKVILKNSQGEEVAQRSTVFKTTIPEEEEEEEEEPIGVAVE,0
P14824,34,VHDFPEFDANQDAEALYTAMKGFGSDKESILELITSRSNKQ,0
P14824,113,LAYCDAKEIKDAISGVGTDEKCLIEILASRTNEQMHQLVAA,0
P14824,191,VVSEDLVQQDVQDLYEAGELKWGTDEAQFIYILGNRSKQHL,0
P14824,224,GNRSKQHLRLVFDEYLKTTGKPIEASIRGELSGDFEKLMLA,0
P14824,306,MLDIREIFRTKYEKSLYSMIKNDTSGEYKKALLKLCGGDDD,0
P14824,354,EAAQVAYQMWELSAVSRVELKGTVCAANDFNPDADAKALRK,0
P14824,540,QEDAQVAAEILEIADTPSGDKTSLETRFMTVLCTRSYPHLR,0
P14824,579,LRRVFQEFIKKTNYDIEHVIKKEMSGDVKDAFVAIVQSVKN,0
P14869,26,RATWKSNYFLKIIQLLDDYPKCFIVGADNVGSKQMQQIRMS,0
P14869,106,VGFVFTKEDLTEIRDMLLANKVPAAARAGAIAPCEVTVPAQ,0
P14869,146,QNTGLGPEKTSFFQALGITTKISRGTIEILSDVQLIKTGDK,0
P14869,246,CLQIGYPTVASVPHSIINGYKRVLALSVETEYTFPLTEKVK,0
P14869,297,AAAPAAAATTAAPAAAAAPAKAEAKEESEESDEDMGFGLFD,0
P15864,21,MSEAAPAAPAAAPPAEKAPAKKKAAKKPAGVRRKASGPPVS,0
P15864,52,RRKASGPPVSELITKAVAASKERSGVSLAALKKALAAAGYD,0
P15864,198,KVTKPKKVKSASKAVKPKAAKPKVAKAKKVAAKKKXXXXXX,0
P16045,64,LHFNPRFNAHGDANTIVCNTKEDGTWGTEHREPAFPFQPGS,0
P16546,30,ETAEDIQERRQQVLDRYHRFKELSTLRRQKLEDSYRFQFFQ,0
P16546,63,SYRFQFFQRDAEELEKWIQEKLQVASDENYKDPTNLQGKLQ,0
P16546,101,KLQKHQAFEAEVQANSGAIVKLDETGNLMISEGHFASETIR,0
P16546,189,EAIVTSEELGQDLEHVEVLQKKFEEFQTDLAAHEERVNEVS,0
P16546,227,EVSQFAAKLIQEQHPEEELIKTKQDEVNAAWQRLKGLALQR,0
P16546,272,FGAAEVQRFNRDVDETIGWIKEKEQLMASDDFGRDLASVQA,0
P16546,310,VQALLRKHEGLERDLAALEDKVKALCAEADRLQQSHPLSAS,0
P16546,381,YRLQRFLADFRDLTSWVTEMKALINADELANDVAGAEALLD,0
P16546,485,QCMDLQLFYRDTEQVDNWMSKQEAFLLNEDLGDSLDSVEAL,0
P16546,514,DLGDSLDSVEALLKKHEDFEKSLSAQEEKITALDEFATKLI,0
P16546,708,EDIELWLYEVEGHLASDDYGKDLTNVQNLQKKHALLEADVA,0
P16546,756,GITIQARQFQDAGHFDAENIKKKQEALVARYEALKEPMVAR,0
P16546,841,NLLKKHQALQAEIAGHEPRIKAVTQKGNAMVEEGHFAAEDV,0
P16546,871,VEEGHFAAEDVKAKLSELNQKWEALKAKASQRRQDLEDSLQ,0
P16546,909,SLQAQQYFADANEAESWMREKEPIVGSTDYGKDEDSAEALL,0
P16546,969,LREQAQSCRQQVAPMDDETGKELVLALYDYQEKSPREVTMK,0
P16546,1002,SPREVTMKKGDILTLLNSTNKDWWKVEVNDRQGFVPAAYVK,0
P16546,1057,EEQGSIALRQGQIDNQTRITKEAGSVSLRMKQVEELYQSLL,0
P16546,1089,VEELYQSLLELGEKRKGMLEKSCKKFMLFREANELQQWITE,0
P16546,1148,VLQKKFDDFQKDLKANESRLKDINKVAEDLESEGLMAEEVQ,0
P16546,1187,VQAVQQQEVYGAMPRDEADSKTASPWKSARLMVHTVATFNS,0
P16546,1432,ASPEIKEKLDILDQERTDLEKAWVQRRMMLDHCLELQLFHR,0
P16546,1519,EKIAALQAFADQLIAVDHYAKGDIANRRNEVLDRWRRLKAQ,0
P16546,1630,IDMGNSLIERGACAGSEDAVKARLAALADQWQFLVQKSAEK,0
P16546,1659,QWQFLVQKSAEKSQKLKEANKQQNFNTGIKDFDFWLSEVEA,0
P16546,1736,DLNSQADSLMTSSAFDTSQVKEKRDTINGRFQKIKSMATSR,0
P16546,1828,RLEAELAAHEPAIQGVLDTGKKLSDDNTIGQEEIQQRLAQF,0
P16546,1911,TLVASEDYGDTLAAIQGLLKKHEAFETDFTVHKDRVNDVCT,0
P16546,1950,CTNGQDLIKKNNHHEENISSKMKGLNGKVSDLEKAAAQRKA,0
P16546,1984,AAAQRKAKLDENSAFLQFNWKADVVESWIGEKENSLKTDDY,0
P16546,2017,NSLKTDDYGRDLSSVQTLLTKQETFDAGLQAFQQEGIANIT,0
P16546,2047,AFQQEGIANITALKDQLLAAKHIQSKAIEARHASLMKRWTQ,0
P16546,2076,ARHASLMKRWTQLLANSATRKKKLLEAQSHFRKVEDLFLTF,0
P16546,2127,FENAEEDLTDPVRCNSLEEIKALREAHDAFRSSLSSAQADF,0
P16546,2158,SSLSSAQADFNQLAELDRQIKSFRVASNPYTWFTMEALEET,0
P16546,2187,YTWFTMEALEETWRNLQKIIKERELELQKEQRRQEENDKLR,0
P16546,2249,LDGSCMVEESGTLESQLEATKRKHQEIRAMRSQLKKIEDLG,0
P16546,2281,QLKKIEDLGAAMEEALILDNKYTEHSTVGLAQQWDQLDQLG,0
P16546,2326,HNLEQQIQARNTTGVTEEALKEFSMMFKHFDKDKSGRLNHQ,0
P16546,2404,GHVSLQEYMAFMISRETENVKSSEEIESAFRALSSEGKPYV,0
P16546,2446,KEELYQNLTREQADYCVSHMKPYVDGKGRELPTAFDYVEFT,0
P16858,25,GVNGFGRIGRLVTRAAICSGKVEIVAINDPFIDLNYMVYMF,0
P16858,105,WGEAGAEYVVESTGVFTTMEKAGAHLKGGAKRVIISAPSAD,0
P16858,257,NVSVVDLTCRLEKPAKYDDIKKVVKQASEGPLKGILGYTED,0
P16858,307,NSHSSTFDAGAGIALNDNFVKLISWYDNEYGYSNRVVDLMA,0
P17182,28,AREIFDSRGNPTVEVDLYTAKGLFRAAVPSGASTGIYEALE,0
P17182,126,FGANAILGVSLAVCKAGAVEKGVPLYRHIADLAGNPEVILP,0
P17182,162,EVILPVPAFNVINGGSHAGNKLAMQEFMILPVGASSFREAM,0
P17182,193,VGASSFREAMRIGAEVYHNLKNVIKEKYGKDATNVGDEGGF,0
P17182,306,NYPVVSIEDPFDQDDWGAWQKFTASAGIQVVGDDLTVTNPK,0
P17225,44,VSNGPFIMSSSASAANGNDSKKFKGDNRSAGVPSRVIHVRK,0
P17225,133,YTSVAPVLRGQPIYIQFSNHKELKTDSSPNQARAQAALQAV,0
P17225,205,IIVENLFYPVTLDVLHQIFSKFGTVLKIITFTKNNQFQALL,0
P17225,392,RVTPQSLFILFGVYGDVQRVKILFNKKENALVQMADGSQAQ,0
P17225,422,LVQMADGSQAQLAMSHLNGHKLHGKSVRITLSKHQSVQLPR,0
P17225,452,LSKHQSVQLPREGQEDQGLTKDYGSSPLHRFKKPGSKNFQN,0
P17225,495,PPSATLHLSNIPPSVSEDDLKSLFSSNGGVVKGFKFFQKDR,0
P17751,6,XXXXXXXXXXXXXXXMAPTRKFFVGGNWKMNGRKKCLGELI,0
P17751,55,PAGTEVVCAPPTAYIDFARQKLDPKIAVAAQNCYKVTNGAF,0
P17751,85,QNCYKVTNGAFTGEISPGMIKDLGATWVVLGHSERRHVFGE,0
P17751,131,GQKVSHALAEGLGVIACIGEKLDEREAGITEKVVFEQTKVI,0
P17751,160,TEKVVFEQTKVIADNVKDWSKVVLAYEPVWAIGTGKTATPQ,0
P17751,194,GKTATPQQAQEVHEKLRGWLKSNVNDGVAQSTRIIYGGSVT,0
P18242,28,LLILGLLASSSFAIIRIPLRKFTSIRRTMTEVGGSVEDLIL,0
P18242,62,SVEDLILKGPITKYSMQSSPKTTEPVSELLKNYLDAQYYGD,0
P18242,111,CFTVVFDTGSSNLWVPSIHCKILDIACWVHHKYNSDKSSTY,0
P18242,161,HYGSGSLSGYLSQDTVSVPCKSDQSKARGIKVEKQIFGEAT,0
P18242,192,VEKQIFGEATKQPGIVFVAAKFDGILGMGYPHISVNNVLPV,0
P18242,224,ISVNNVLPVFDNLMQQKLVDKNIFSFYLNRDPEGQPGGELM,0
P18242,265,LGGTDSKYYHGELSYLNVTRKAYWQVHMDQLEVGNELTLCK,0
P18242,307,GCEAIVDTGTSLLVGPVEEVKELQKAIGAVPLIQGEYMIPC,0
P18760,53,KKAVLFCLSEDKKNIILEEGKEILVGDVGQTVDDPYTTFVK,0
P18760,92,VKMLPDKDCRYALYDATYETKESKKEDLVFIFWAPENAPLK,0
P19096,41,EFWANLIGGVDMVTDDDRRWKAGLYGLPKRSGKLKDLSKFD,0
P19096,70,RSGKLKDLSKFDASFFGVHPKQAHTMDPQLRLLLEVSYEAI,0
P19096,151,SMVGCQRAMMANRLSFFFDFKGPSIALDTACSSSLLALQNA,0
P19096,193,QAIRSGECPAALVGGINLLLKPNTSVQFMKLGMLSPDGTCR,0
P19096,235,FDDSGSGYCRSEAVVAVLLTKKSLARRVYATILNAGTNTDG,0
P19096,298,QPAGLAPESLEYIEAHGTGTKVGDPQELNGITRSLCAFRQA,0
P19096,343,GSTKSNMGHPEPASGLAALTKVLLSLEHGVWAPNLHFHNPN,0
P19096,489,GYTVLGVEGRVQEVQQVSTNKRPLWFICSGMGTQWRGMGLS,0
P19096,528,LSLMRLDSFRESILRSDEAVKPLGVKVSDLLLSTDERTFDD,0
P19096,573,FVSLTAIQIALIDLLTSVGLKPDGIIGHSLGEVACGYADGC,0
P19096,611,DGCLSQREAVLAAYWRGQCIKDAHLPPGSMAAVGLSWEECK,0
P19096,772,IPEHAVVLEIAPHALLQAVLKRGVKSSCTIIPLMKRDHKDN,0
P19096,802,IPLMKRDHKDNLEFFLTNLGKVHLTGINVNPNALFPPVEFP,0
P19096,835,LFPPVEFPAPRGTPLISPHIKWDHSQTWDVPVAEDFPNGSS,0
P19096,897,DHCIDGRVIFPGTGYLCLVWKTLARSLGLSLEETPVVFENV,0
P19096,927,LEETPVVFENVSFHQATILPKTGTVALEVRLLEASHAFEVS,0
P19096,957,LLEASHAFEVSDTGNLIVSGKVYLWEDPNSKLFDHPEVPTP,0
P19096,993,EVPTPPESASVSRLTQGEVYKELRLRGYDYGPQFQGICEAT,0
P19096,1024,PQFQGICEATLEGEQGKLLWKDNWVTFMDTMLQVSILGSSQ,0
P19096,1066,SLQLPTRVTAIYIDPATHRQKVYRLKEDTQVADVTTSRCLG,0
P19096,1220,ERLLLPEDPLISGLLNSQALKACVDTALENLSTLKMKVAEV,0
P19096,1276,NTQPMLQLEYTATDRHPQALKDVQTKLQQHDVAQGQWNPSD,0
P19096,1332,CALATLGDPALALDNMVAALKEGGFLLVHTVLKGHALGETL,0
P19096,1378,EVQPAPSLLSQEEWESLFSRKALHLVGLKRSFYGTALFLCR,0
P19096,1423,QEKPIFLSVEDTSFQWVDSLKSTLATSSSQPVWLTAMDCPT,0
P19096,1455,WLTAMDCPTSGVVGLVNCLRKEPGGHRIRCILLSNLSNTSH,0
P19096,1491,SNTSHAPKLDPGSPELQQVLKHDLVMNVYRDGAWGAFRHFQ,0
P19096,1545,FVNVLTRGDLASIRWVSSPLKHTQPSSSGAQLCTVYYASLN,0
P19096,1575,QLCTVYYASLNFRDIMLATGKLSPDAIPGKWASRDCMLGME,0
P19096,1697,AISIALSLGCRVFTTVGSAEKRAYLQARFPQLDDTSFANSR,0
P19096,1732,SFANSRDTSFEQHVLLHTGGKGVDLVLNSLAEEKLQASVRC,0
P19096,1764,EKLQASVRCLAQHGRFLEIGKFDLSNNHPLGMAIFLKNVTF,0
P19096,1808,LLDALFEEANDSWREVAALLKAGIRDGVVKPLKCTVFPKAQ,0
P19096,1840,KCTVFPKAQVEDAFRYMAQGKHIGKVLVQVREEEPEAVLPG,0
P19096,1871,EEEPEAVLPGAQPTLISAISKTFCPAHKSYIITGGLGGFGL,0
P19096,1920,RGAQRLVLTSRSGIRTGYQAKHIREWRRQGIQVLVSTSNVS,0
P19096,1954,VSTSNVSSLEGARALIAEATKLGPVGGVFNLAMVLRDAMLE,0
P19096,1986,MVLRDAMLENQTPELFQDVNKPKYNGTLNLDRATREACPEL,0
P19096,2107,VLDLFLNQPHAVLSSFVLAEKKAVAHGDGDTQRDLVKAVAH,0
P19096,2180,LEREHDLVLPMREVRQLTLRKLQEMSSKTDSATDTTAPKSR,0
P19096,2256,PLFLVHPIEGSTTVFHSLAAKLSVPTYGLQCTQAAPLDSIP,0
P19096,2287,TQAAPLDSIPNLAAYYIDCIKQVQPEGPYRIAGYSFGACVA,0
P19096,2347,LFLFDGSHTYVLAYTQSYRAKMTPGCEAEAEAEALCFFIKQ,0
P19096,2384,FIKQFLDVEHSKVLEALLPLKSLEDRVAASVDLITKSHHSL,0
P19096,2419,KSHHSLDRRELSFAAVSFYHKLRAADQYKPKAKYHGNVTLL,0
P19096,2464,GGTYGEDLGADYNLSQVCDGKVSVHIIEGDHRTLLEGSGLE,0
P19253,25,QVLVLDGRGHLLGRLAAIVAKQVLLGRKVVVVRCEGINISG,0
P19253,60,GINISGNFYRNKLKYLAFLRKRMNTNPSRGPYHFRAPSRIF,0
P19253,91,YHFRAPSRIFWRTVRGMLPHKTKRGQAALERLKVLDGIPPP,0
P19324,150,GSRLYGPSSVSFADDFVRSSKQHYNCEHSKINFRDKRSALQ,0
P19324,183,RDKRSALQSINEWASQTTDGKLPEVTKDVERTDGALLVNAM,0
P19324,249,YTVGVTMMHRTGLYNYYDDEKEKLQMVEMPLAHKLSSLIIL,0
P19324,282,KLSSLIILMPHHVEPLERLEKLLTKEQLKAWMGKMQKKAVA,0
P19324,379,DTEGNPFDQDIYGREELRSPKLFYADHPFIFLVRDNQSGSL,0
P20029,24,FTVVAAALLLLGAVRAEEEDKKEDVGTVVGIDLGTTYSCVG,0
P20029,82,ITPSYVAFTPEGERLIGDAAKNQLTSNPENTVFDAKRLIGR,0
P20029,114,FDAKRLIGRTWNDPSVQQDIKFLPFKVVEKKTKPYIQVDIG,0
P20029,186,VTHAVVTVPAYFNDAQRQATKDAGTIAGLNVMRIINEPTAA,0
P20029,219,IINEPTAAAIAYGLDKREGEKNILVFDLGGGTFDVSLLTID,0
P20029,269,NGDTHLGGEDFDQRVMEHFIKLYKKKTGKDVRKDNRAVQKL,0
P20029,436,VLLDVCPLTLGIETVGGVMTKLIPRNTVVPTKKSQIFSTAS,0
P20029,465,PTKKSQIFSTASDNQPTVTIKVYEGERPLTKDNHLLGTFDL,0
P20029,586,LESYAYSLKNQIGDKEKLGGKLSSEDKETMEKAVEEKIEWL,0
P20029,618,AVEEKIEWLESHQDADIEDFKAKKKELEEIVQPIISKLYGS,0
P20152,223,LQSFRQDVDNASLARLDLERKVESLQEEIAFLKKLHDEEIQ,0
P20152,262,IQELQAQIQEQHVQIDVDVSKPDLTAALRDVRQQYESVAAK,0
P20152,334,QESNEYRRQVQSLTCEVDALKGTNESLERQMREMEENFALE,0
P20152,373,LEAANYQDTIGRLQDEIQNMKEEMARHLREYQDLLNVKMAL,0
P20152,439,SSLNLRETNLESLPLVDTHSKRTLLIKTVETRDGQVINETS,0
P20444,23,DVYPANDSTASQDVANRFARKGALRQKNVHEVKDHKFIARF,0
P20444,62,RFFKQPTFCSHCTDFIWGFGKQGFQCQVCCFVVHKRCHEFV,0
P20444,91,CFVVHKRCHEFVTFSCPGADKGPDTDDPRSKHKFKIHTYGS,0
P20444,131,SPTFCDHCGSLLYGLIHQGMKCDTCDMNVHKQCVINDPSLC,0
P20444,205,PMDPNGLSDPYVKLKLIPDPKNESKQKTKTIRSNLNPQWNE,0
P20444,236,RSNLNPQWNESFTFKLKPSDKDRRLSVEIWDWDRTTRNDFM,0
P20444,268,DRTTRNDFMGSLSFGVSELMKMPASGWYKAHNQEEGEYYNV,0
P20444,304,EYYNVPIPEGDEEGNMELRQKFEKAKLGPVGNKVISPSEDR,0
P20444,335,NKVISPSEDRKQPSNNLDRVKLTDFNFLMVLGKGSFGKVML,0
P20444,368,GSFGKVMLADRKGTEELYAIKILKKDVVIQDDDVECTMVEK,0
P20444,434,YFVMEYVNGGDLMYHIQQVGKFKEPQAVFYAAEISIGLFFL,0
P20444,465,AEISIGLFFLHKRGIIYRDLKLNNVMLNSEGHIKIADFGMC,0
P20444,517,TFCGTPDYIAPEIIAYQPYGKSVDWWAYGVLLYEMLAGQPP,0
P20444,559,DGEDEDELFQSIMEHNVSYPKSLSKEAVSICKGLMTKQPAK,0
P20444,604,GPEGERDVREHAFFRRIDWEKLENREIQPPFKPKVCGKGAE,0
P21107,38,NVLDRAEQAEAEQKQAEERSKQLEDELATMQKKLKGTEDEL,0
P21107,269,KLEKTIDDLEDELYAQKLKYKAISDELDHALNDMTSIXXXX,0
P21126,66,KGKALADEKRLSDYNIGPNSKLNLVVKPLEKVLLEEGSAHR,0
P21126,101,EGSAHRLVDSPATPIWQLISKVLARHFSVADASRVLEQLQR,0
P21550,228,GDEGGFAPNILENNEALELLKTAIQAAGYPDKVVIGMDVAA,0
